neighborhood,tract_id,intersection_area_m2,neighborhood_area_m2,tract_area_m2,frac_of_neighborhood,frac_of_tract
Ancarows Landing,51760060700,3504751.542275188,3541746.1990731796,7728952.249425177,0.9895546844074619,0.45345752298260683
Ancarows Landing,51760060800,14324.719042303655,3541746.1990731796,7990207.384573439,0.004044535728181826,0.0017927843862926703
Ancarows Landing,51760060200,4462.7378757184815,3541746.1990731796,1532966.5362485393,0.0012600388692126814,0.0029111776220762456
Ancarows Landing,51760021100,3949.357331973583,3541746.1990731796,1545667.5845948318,0.0011150876177991153,0.0025551142893436777
Ancarows Landing,51760061002,156.67575396455413,3541746.1990731796,2241252.241267397,4.4236866550616685e-05,6.99054533352998e-05
Beaufont,51760071003,772622.8041596401,836496.8298952092,1421053.634362353,0.9236410426760723,0.5436971451864496
Beaufont,51760071004,60922.03268704688,836496.8298952092,1304798.3677047023,0.07282996242158955,0.046690764025261684
Beaufont,51760071002,2951.9930485188006,836496.8298952092,2269214.7128336723,0.0035289949023340674,0.001300887497257812
Belle and Mayo Islands,51760061002,435289.8312814279,1144587.5403342883,2241252.241267397,0.3803027867613316,0.19421724305126742
Belle and Mayo Islands,51760030502,383271.2123083654,1144587.5403342883,1812777.8260914558,0.33485530708854927,0.21142757087598507
Belle and Mayo Islands,51760061001,320369.0986858489,1144587.5403342883,1914479.0268871319,0.27989916663978526,0.1673400931462574
Belle and Mayo Islands,51760041300,2876.295711595379,1144587.5403342883,3206169.126963298,0.0025129538897088887,0.0008971129088001804
Belle and Mayo Islands,51760020501,1914.459814796524,1144587.5403342883,1008996.5720499118,0.001672619827957752,0.001897389810658169
Belle and Mayo Islands,51760060700,866.6425322507232,1144587.5403342883,7728952.249425177,0.0007571657926641518,0.0001121293681579127
Bellemeade,51760060700,1303974.71580114,1306370.8450188404,7728952.249425177,0.9981658123902285,0.1687129993458195
Bellemeade,51760060800,2396.086156229008,1306370.8450188404,7990207.384573439,0.001834154647101338,0.00029987784307765173
Bellemeade,51760060200,0.04306146903105989,1306370.8450188404,1532966.5362485393,3.2962668445374604e-08,2.809028639101248e-08
Bellevue,51760010201,779163.4377779849,1727423.5003073942,1262374.4315691385,0.45105524941586883,0.6172205474801009
Bellevue,51760010401,758971.2820070382,1727423.5003073942,1397640.905579112,0.43936607431355407,0.5430373989322806
Bellevue,51760010202,189237.3559814149,1727423.5003073942,2626712.58406464,0.1095489067664879,0.0720434192646172
Belmont Woods,51760070804,815262.5532349236,820031.9203137624,3559118.775923992,0.9941839250879235,0.22906303626331526
Belmont Woods,51760070803,166.12098689225547,820031.9203137624,3063221.752910228,0.000202578683557457,5.423080674274772e-05
Belt Center,51760070602,774219.8658833447,888352.5803257546,2109099.274511415,0.8715231801312965,0.36708554938112015
Belt Center,51760071002,112534.64528137048,888352.5803257546,2269214.7128336723,0.12667790669342635,0.04959188949592316
Belt Center,51760070601,1204.7930746960267,888352.5803257546,3489609.977987726,0.0013562104747354196,0.00034525149867629826
Belt Center,51760060502,387.9669193715913,888352.5803257546,2668790.5551646114,0.0004367262818433259,0.00014537181219440484
Belt Center,51760060400,5.309166978441471,888352.5803257546,2378367.02179036,5.976418705841576e-06,2.2322740476130958e-06
Biotech and MCV District,51760030200,497908.9790377247,518502.42068423517,1304886.4366355122,0.9602828437727744,0.38157265265284024
Biotech and MCV District,51760020400,9079.210420205221,518502.42068423517,1775553.0998802304,0.017510449436714214,0.005113454743098169
Biotech and MCV District,51760020501,8891.789625005273,518502.42068423517,1008996.5720499118,0.017148983823973927,0.00881250726842452
Biotech and MCV District,51760030100,2622.4416012983947,518502.42068423517,655914.9940652557,0.005057722966534511,0.003998142480392044
Blackwell,51760061001,498250.47770861024,931362.7795204348,1914479.0268871319,0.5349692822867185,0.26025381877321796
Blackwell,51760060200,424041.77112160274,931362.7795204348,1532966.5362485393,0.4552917299743767,0.2766151517953638
Blackwell,51760061002,5813.209230031393,931362.7795204348,2241252.241267397,0.006241616433313618,0.0025937327012974247
Blackwell,51760060700,3257.3214601866885,931362.7795204348,7728952.249425177,0.0034973713055871805,0.00042144411752950657
Brauers,51760020400,222002.95268983472,222003.04416249588,1775553.0998802304,0.9999995879666358,0.12503312500471536
Brauers,51760020300,0.08820340774051992,222003.04416249588,816457.4750360701,3.973071994272256e-07,1.0803184542663805e-07
Brauers,51760020200,0.003269247774428157,222003.04416249588,1003787.1565336575,1.4726139394895955e-08,3.256913333816438e-09
British Camp Farms,51760070802,1156426.3334876092,1165753.1252533838,2992889.8412769204,0.9919993422588961,0.386391212111642
British Camp Farms,51760070901,9140.55058717838,1165753.1252533838,4707115.132723623,0.007840897347104796,0.0019418582994993562
British Camp Farms,51760070803,186.24117861399793,1165753.1252533838,3063221.752910228,0.00015976039401439926,6.0799117281358634e-05
Broad Rock,51760060700,341096.2149303683,641380.2034233614,7728952.249425177,0.5318159386737696,0.04413227096282507
Broad Rock,51760060400,289259.4705563686,641380.2034233614,2378367.02179036,0.45099532073557713,0.12162103994303752
Broad Rock,51760070902,7698.750555051258,641380.2034233614,3516278.9141676477,0.012003411570795671,0.0021894595801350584
Broad Rock,51760070602,3325.767381573167,641380.2034233614,2109099.274511415,0.005185329019857351,0.0015768662109770057
Broad Rock Industrial Park,51760070902,1731841.5436076592,2023945.5645365461,3516278.9141676477,0.8556759499627281,0.4925210957042667
Broad Rock Industrial Park,51760060800,281123.50173867174,2023945.5645365461,7990207.384573439,0.13889874642109998,0.03518350503410365
Broad Rock Industrial Park,51760060700,10980.51919022878,2023945.5645365461,7728952.249425177,0.005425303616178609,0.0014206995768469692
Broad Rock Sports Complex,51760070803,278620.97186697036,281028.6692968479,3063221.752910228,0.9914325558459863,0.09095684032743148
Broad Rock Sports Complex,51760070602,2407.697429877596,281028.6692968479,2109099.274511415,0.00856744415401394,0.0011415761500536065
Brookbury,51760070804,909688.8758867075,954781.5047180043,3559118.775923992,0.9527717822261178,0.25559385150065433
Brookbury,51760070802,26283.024789701038,954781.5047180043,2992889.8412769204,0.027527790033452477,0.00878182164515863
Brookhaven Farms,51760070804,371601.32669151004,373615.1800209823,3559118.775923992,0.9946098193083077,0.10440823981633983
Brookhaven Farms,51760070700,1969.353712684972,373615.1800209823,4541581.596237167,0.005271075207849887,0.0004336272884134987
Brookhaven Farms,51760070803,44.499616782911325,373615.1800209823,3063221.752910228,0.00011910548383074858,1.4527063455538031e-05
Brookland Park,51760010700,453578.7259455022,677782.3976964154,1035664.9647724639,0.6692099521720893,0.43795893592398744
Brookland Park,51760010600,220857.8238740767,677782.3976964154,921051.8353835711,0.3258535846087299,0.23978870177496656
Brookland Park,51760010500,1898.415609375311,677782.3976964154,800670.0482445806,0.002800921971162827,0.0023710336280687275
Brookland Park,51760010800,1447.432267458781,677782.3976964154,1477259.2824271708,0.002135541248014379,0.0009798092214933433
Bryan Park,51760010202,1398116.3090486869,1434442.1597336428,2626712.58406464,0.9746759739049351,0.5322684779182072
Bryan Park,51760010201,20510.672779989494,1434442.1597336428,1262374.4315691385,0.01429871022739464,0.0162476934474145
Byrd Park,51760041600,724235.5279489472,1077733.4459572525,3279678.694886118,0.6719987494734142,0.22082514640175602
Byrd Park,51760041400,353497.9180083047,1077733.4459572525,643875.9705228641,0.3280012505265852,0.5490155467694254
Capitol District,51760030502,269225.3398080381,385198.78742569545,1812777.8260914558,0.6989257199050022,0.14851535358225168
Capitol District,51760030200,114356.71266907633,385198.78742569545,1304886.4366355122,0.29687713565592583,0.08763729122967277
Capitol District,51760020501,1616.734948576978,385198.78742569545,1008996.5720499118,0.004197144439061468,0.0016023195651620145
Carillon,51760041600,1577590.0468816378,1832082.0713167847,3279678.694886118,0.8610913624343073,0.4810196954175772
Carillon,51760060600,140410.53961709057,1832082.0713167847,2049141.965836721,0.07663987428039856,0.06852162610400549
Carillon,51760050600,114081.22076972241,1832082.0713167847,6268169.2691784715,0.062268619160564156,0.018200086160831182
Carillon,51760041300,0.26281785608460795,1832082.0713167847,3206169.126963298,1.4345310191028238e-07,8.197254906934188e-08
Carillon,51760060502,0.0012304969933281326,1832082.0713167847,2668790.5551646114,6.716385759092818e-10,4.610691501987256e-10
Carver,51760040201,490554.2532987921,581856.3381011651,502566.9732325409,0.8430848324170035,0.9760972754407592
Carver,51760040202,84106.43735211217,581856.3381011651,3581140.5973020694,0.14454845955031756,0.023485935574681316
Carver,51760011100,7195.647450270314,581856.3381011651,2452304.362058377,0.012366708032695236,0.0029342391432320186
Carytown,51760040800,320935.99335490604,607398.9133001023,541116.3847270512,0.5283776219012408,0.5930997515752399
Carytown,51760040900,248993.47376202434,607398.9133001023,681221.2059976595,0.4099340125737139,0.3655104561775486
Carytown,51760041600,30083.159231150075,607398.9133001023,3279678.694886118,0.04952784500008918,0.009172593424489306
Carytown,51760050300,3460.782468352924,607398.9133001023,695781.4652227112,0.005697709351420963,0.004973950358457982
Carytown,51760041100,2697.619935567357,607398.9133001023,875081.8570777997,0.004441265660010364,0.0030827058220309136
Carytown,51760050600,1201.8405209487792,607398.9133001023,6268169.2691784715,0.0019786675521346817,0.00019173708771050733
Carytown,51760050100,14.562127539246184,607398.9133001023,1667998.1406871341,2.3974569628594905e-05,8.730302021348355e-06
Carytown,51760040700,11.481899614331377,607398.9133001023,677613.8378304284,1.89033917626692e-05,1.694460616550263e-05
Cedarhurst,51760071100,1266372.220798821,1276166.5732983241,4438470.749531679,0.9923251770541293,0.28531723926139224
Cedarhurst,51760071002,6215.594467933167,1276166.5732983241,2269214.7128336723,0.004870519725233528,0.0027390949092567225
Cedarhurst,51760060600,3578.7580315732844,1276166.5732983241,2049141.965836721,0.00280430322063975,0.001746466614435852
Central Office,51760030502,334867.5395498323,334867.53954983223,1812777.8260914558,1.0000000000000002,0.1847261891281199
Chamberlayne Industrial Center,51760011100,1070886.8559738584,1085619.998880165,2452304.362058377,0.9864288213909986,0.43668594834410934
Chamberlayne Industrial Center,51760030100,7689.999451522372,1085619.998880165,655914.9940652557,0.007083509385839183,0.011724079371720092
Chamberlayne Industrial Center,51760011000,7021.946628983641,1085619.998880165,1322331.8231341823,0.00646814413535758,0.005310275761450154
Chamberlayne Industrial Center,51760040201,21.19682579921242,1085619.998880165,502566.9732325409,1.952508780335412e-05,4.217711654005667e-05
Cherry Gardens,51760070902,176295.54175228288,269319.3413764842,3516278.9141676477,0.6545966615366016,0.050136961843942486
Cherry Gardens,51760070901,93023.7996242001,269319.3413764842,4707115.132723623,0.3454033384633939,0.019762380354264846
Chimborazo,51760020800,437294.5322571114,786512.5704269388,786322.0614423872,0.5559917904678077,0.5561264953636957
Chimborazo,51760020900,344054.6681033865,786512.5704269388,2746021.9369417527,0.43744331755133287,0.125292031893438
Chimborazo,51760021100,5163.182407065831,786512.5704269388,1545667.5845948318,0.006564653384068771,0.003340422260598332
Chimborazo,51760021000,0.1876593722811437,786512.5704269388,820221.9103319041,2.3859678705360996e-07,2.2879097707254254e-07
Chippenham Forest,51760070300,844593.5198490454,850975.5782036604,3529461.3538868655,0.9925003037477445,0.2392981350876461
Chippenham Forest,51760070400,6000.2361237268215,850975.5782036604,7822957.285216767,0.007051008604022253,0.0007670035646322157
Church Hill,51760020800,341593.895971596,880257.3088880958,786322.0614423872,0.3880614140007348,0.43441982963697395
Church Hill,51760020600,323590.57272740116,880257.3088880958,471927.66581409145,0.3676090723247129,0.6856783277776188
Church Hill,51760020502,139740.7556474993,880257.3088880958,544061.4998396448,0.1587498953277809,0.25684735216273546
Church Hill,51760020501,50572.41911892914,880257.3088880958,1008996.5720499118,0.057451859369177065,0.0501214974558184
Church Hill,51760020900,24567.985041293097,880257.3088880958,2746021.9369417527,0.027910004033168834,0.00894675483497939
Church Hill,51760021100,191.68038137337038,880257.3088880958,1545667.5845948318,0.00021775494442129997,0.00012401138723732493
Church Hill North,51760020700,358428.23320295085,985563.9908967158,500235.63385203277,0.36367829640045474,0.7165187942388209
Church Hill North,51760020900,324336.3246156385,985563.9908967158,2746021.9369417527,0.329087027946852,0.11811133780557202
Church Hill North,51760020300,229286.54559891517,985563.9908967158,816457.4750360701,0.23264501109694433,0.2808309711277805
Church Hill North,51760020600,73425.90622360891,985563.9908967158,471927.66581409145,0.07450140924568716,0.15558720444360197
Church Hill North,51760020200,86.9812556057576,985563.9908967158,1003787.1565336575,8.825531006527305e-05,8.665308680191414e-05
City Center,51760030200,202535.31299246202,448184.99798943143,1304886.4366355122,0.45190114328020853,0.15521298046033355
City Center,51760030502,140962.84556328304,448184.99798943143,1812777.8260914558,0.31451933062383997,0.07776068502956819
City Center,51760030501,104686.83943367652,448184.99798943143,589035.457153883,0.23357952609592952,0.1777258705944548
Cofer,51760070902,450977.6494032784,457424.6890798067,3516278.9141676477,0.9859057898918888,0.12825423136549768
Cofer,51760060700,6447.039676530354,457424.6890798067,7728952.249425177,0.014094210108115835,0.0008341414810797721
Colonial Place,51760050200,726911.5943837146,957925.200371373,1702725.5917364846,0.7588396193167296,0.4269105943503151
Colonial Place,51760050100,161003.09357659283,957925.200371373,1667998.1406871341,0.1680748074214713,0.09652474403254874
Colonial Place,51760050400,69594.55852128043,957925.200371373,1894541.8662592266,0.07265134949398938,0.036734241539193274
Colonial Place,51760040700,415.9538897888287,957925.200371373,677613.8378304284,0.0004342237678135722,0.0006138509377562628
Commerce Road Industrial Area,51760060800,5501903.51061471,7016228.005942515,7990207.384573439,0.7841682889944253,0.6885808147154158
Commerce Road Industrial Area,51760060900,1446575.9082814322,7016228.005942515,2794746.290776857,0.20617572676603865,0.5176054488578735
Commerce Road Industrial Area,51760060700,35486.19135419822,7016228.005942515,7728952.249425177,0.005057730638762392,0.004591332720012266
Cottrell Farms,51760070802,1712621.8046340495,1722589.7177297983,2992889.8412769204,0.9942134142604279,0.5722301506103402
Cottrell Farms,51760070901,1136.6030072054089,1722589.7177297983,4707115.132723623,0.0006598222406106884,0.00024146488351300418
Country Club of Virginia,51760050500,736704.4996595838,755869.8148675698,4313020.017379963,0.9746446877081024,0.17080943206637628
Country Club of Virginia,51760050600,191.19733228879076,755869.8148675698,6268169.2691784715,0.00025295008284235954,3.0502898705836922e-05
Creighton,51760020200,327742.14461980964,357174.9450157587,1003787.1565336575,0.9175955626040609,0.32650561674009654
Creighton,51760020900,17747.72560205588,357174.9450157587,2746021.9369417527,0.04968916731063778,0.006463067670108106
Creighton,51760020300,0.3125598419064861,357174.9450157587,816457.4750360701,8.750889340591789e-07,3.828243986530684e-07
Cullenwood,51760070901,410970.24353929795,412429.7442927583,4707115.132723623,0.9964612136402453,0.08730830497054425
Cullenwood,51760070902,1459.5007534610093,412429.7442927583,3516278.9141676477,0.0035387863597563423,0.0004150696770897349
Davee Gardens,51760060800,367093.82211269235,367093.8221126923,7990207.384573439,1.0000000000000002,0.0459429654881592
Deerbourne,51760070901,763774.6431125166,770235.3816815899,4707115.132723623,0.9916119945633137,0.1622596052097376
Deerbourne,51760070902,6317.601714573922,770235.3816815899,3516278.9141676477,0.008202170225913585,0.001796672524787297
Deerbourne,51760070802,143.13685450137356,770235.3816815899,2992889.8412769204,0.0001858352107752762,4.782563411699244e-05
Eastview,51760020200,188433.79262246954,213208.72476856437,1003787.1565336575,0.883799632622972,0.18772285677890246
Eastview,51760020100,21542.366176919284,213208.72476856437,961146.4524562622,0.10103885851905581,0.022413198448443097
Eastview,51760020400,3232.483416686908,213208.72476856437,1775553.0998802304,0.015161121667022454,0.0018205501242992703
Edgewood,51760010500,388790.9251145249,399739.28974541614,800670.0482445806,0.9726112370943972,0.4855819522247958
Edgewood,51760010300,6474.281844577629,399739.28974541614,1238739.8171237665,0.01619626093972633,0.005226506611864857
Edgewood,51760010700,4072.2351804005293,399739.28974541614,1035664.9647724639,0.010187227737843916,0.0039320005203566976
Edgewood,51760010600,67.53870230208362,399739.28974541614,921051.8353835711,0.00016895687773172687,7.332779731550852e-05
Elkhardt,51760070700,605332.9875439452,606018.8795301704,4541581.596237167,0.9988682002997054,0.13328682414194237
Elkhardt,51760070804,88.51447627392213,606018.8795301704,3559118.775923992,0.00014605894183122636,2.4869773066492466e-05
Fairfield,51760020200,223737.03732113706,223822.21896730497,1003787.1565336575,0.999619422742921,0.22289290699211597
Fairfield,51760020400,11.26962776055791,223822.21896730497,1775553.0998802304,5.035079990072e-05,6.347108268019752e-06
Fairmount,51760020300,245142.1427860478,451261.90115397313,816457.4750360701,0.5432369587575795,0.30025096258101835
Fairmount,51760020400,199762.11079772646,451261.90115397313,1775553.0998802304,0.44267444312691157,0.11250697645212716
Fairmount,51760020700,6024.82706333965,451261.90115397313,500235.63385203277,0.0133510651972455,0.012043978188730481
Fairmount,51760020502,331.91166655043827,451261.90115397313,544061.4998396448,0.000735518920834374,0.0006100627716687636
Fairmount,51760020501,0.9088403106029875,451261.90115397313,1008996.5720499118,2.0139974331511005e-06,9.007367673772732e-07
Fawnbrook,51760070804,722082.9982896538,725743.1997753173,3559118.775923992,0.9949566162152168,0.2028825233859165
Fawnbrook,51760070803,3660.2014856636597,725743.1997753173,3063221.752910228,0.005043383784783406,0.001194886227935104
Forest Hill,51760060502,1204159.0218617478,1464504.4388775548,2668790.5551646114,0.8222296839090878,0.4512002710484245
Forest Hill,51760060600,181108.8518400637,1464504.4388775548,2049141.965836721,0.12366562164801055,0.08838277428285062
Forest Hill,51760060501,51185.2336327191,1464504.4388775548,1633187.6613815862,0.034950548645621846,0.031340693322051694
Forest Hill,51760041300,28051.331543030512,1464504.4388775548,3206169.126963298,0.01915414579728416,0.008749173993076013
Forest Hill Park,51760060502,256369.12536353967,450446.5764216943,2668790.5551646114,0.569144353144189,0.09606191271451303
Forest Hill Park,51760060501,193109.09852319147,450446.5764216943,1633187.6613815862,0.4287058857395081,0.11824060583450151
Forest Hill Park,51760060400,968.352534964975,450446.5764216943,2378367.02179036,0.0021497611163070157,0.00040715016904162657
Forest Hill Terrace,51760060502,341814.79395832156,620433.7146461791,2668790.5551646114,0.5509287872166194,0.12807853853381101
Forest Hill Terrace,51760060600,278618.8405255613,620433.7146461791,2049141.965836721,0.4490710835797375,0.13596853959886257
Forest Hill Terrace,51760060400,0.0801623063323369,620433.7146461791,2378367.02179036,1.2920365937568664e-07,3.370476700942196e-08
Forest View,51760060600,433484.3435296479,502462.4648124115,2049141.965836721,0.8627198524997967,0.21154431989422673
Forest View,51760060502,66760.64065873652,502462.4648124115,2668790.5551646114,0.13286692108167886,0.02501531659333181
Forest View,51760071002,2217.480624019382,502462.4648124115,2269214.7128336723,0.004413226418509196,0.000977201765649718
Fulton,51760021100,1089310.5270746783,2817399.565801151,1545667.5845948318,0.3866368619833743,0.7047508390105891
Fulton,51760021200,906460.5258612551,2817399.565801151,927849.4403044049,0.3217365888971788,0.976947860812275
Fulton,51760021000,804397.678071086,2817399.565801151,820221.9103319041,0.28551068433289434,0.9807073767946349
Fulton,51760020800,281.80865408086134,2817399.565801151,786322.0614423872,0.00010002438330067915,0.0003583883346270695
Gambles Hill,51760030502,444927.2189057852,455360.06844845536,1812777.8260914558,0.9770887913421615,0.24543946450685367
Gambles Hill,51760041200,9702.9635504293,455360.06844845536,327678.4967240193,0.02130833207112369,0.029611230664920402
Gambles Hill,51760041300,729.8859922399697,455360.06844845536,3206169.126963298,0.0016028765867128058,0.00022765049607076607
Gilpin,51760030100,638091.3500293841,655388.2794486583,655914.9940652557,0.9736081190926619,0.9728262896912853
Gilpin,51760020400,14194.229469467693,655388.2794486583,1775553.0998802304,0.021657740784453008,0.007994257941609947
Gilpin,51760011100,2478.1391113529075,655388.2794486583,2452304.362058377,0.0037811770351426303,0.0010105348869798715
Gilpin,51760011000,558.3198029852979,655388.2794486583,1322331.8231341823,0.0008518916503282317,0.0004222236757956652
Gilpin,51760010900,66.24103546947255,655388.2794486583,1772839.2827464018,0.00010107143741599628,3.7364377083778824e-05
Ginter Park,51760010402,878527.721456662,2207179.3977361727,2239268.3245405247,0.39803186019121845,0.3923280260023895
Ginter Park,51760010401,549964.3680780841,2207179.3977361727,1397640.905579112,0.24917066942640162,0.39349475668802536
Ginter Park,51760010500,409607.1006051708,2207179.3977361727,800670.0482445806,0.18557943274809952,0.5115803963233156
Ginter Park,51760010201,362194.53745208407,2207179.3977361727,1262374.4315691385,0.16409836818138773,0.286915298975023
Ginter Park,51760010600,4560.91878228946,2207179.3977361727,921051.8353835711,0.0020664014837069593,0.004951858958502667
Ginter Park,51760010300,973.0100849896593,2207179.3977361727,1238739.8171237665,0.0004408386948463011,0.0007854838211698838
Ginter Park Terrace,51760010600,160238.58144651962,161542.14444754802,921051.8353835711,0.9919305082553757,0.17397346738882336
Ginter Park Terrace,51760010402,1278.4926271710542,161542.14444754802,2239268.3245405247,0.007914297730436374,0.0005709421301412764
Ginter Park Terrace,51760010500,25.070373857001925,161542.14444754802,800670.0482445806,0.0001551940141858285,3.13117418491764e-05
Gravel Hill,51760070400,1334279.8923472012,1363962.4409019386,7822957.285216767,0.9782380015280264,0.1705595267493819
Gravel Hill,51760071100,29682.548554741756,1363962.4409019386,4438470.749531679,0.021761998471976816,0.006687562052284266
Green Park,51760010800,207856.01773025456,357818.33548140584,1477259.2824271708,0.580898174070948,0.14070381564212775
Green Park,51760011000,149862.4336316823,357818.33548140584,1322331.8231341823,0.4188226783573252,0.11333194211153395
Green Park,51760010700,98.82948466736796,357818.33548140584,1035664.9647724639,0.00027620016882143165,9.542611561556575e-05
Green Park,51760010900,1.0546348020864713,357818.33548140584,1772839.2827464018,2.9474029067503608e-06,5.948846081821241e-07
Hickory Hill,51760070901,928908.8758073326,1100178.3325648552,4707115.132723623,0.8443257318490897,0.19734143941999754
Hickory Hill,51760070902,107410.95419095553,1100178.3325648552,3516278.9141676477,0.09763049408594282,0.030546767424557728
Hickory Hill,51760070802,63858.50256656639,1100178.3325648552,2992889.8412769204,0.05804377406496683,0.02133673671708581
Highland Park Southern Tip,51760010900,868999.5406331337,1279030.8640431822,1772839.2827464018,0.6794203056884129,0.49017389736926364
Highland Park Southern Tip,51760011000,404164.0369193371,1279030.8640431822,1322331.8231341823,0.3159924035310002,0.3056449446715955
Highland Park Southern Tip,51760020100,3719.8828700230133,1279030.8640431822,961146.4524562622,0.0029083605209212714,0.0038702560473657783
Highland Park Southern Tip,51760030100,1432.0676742474507,1279030.8640431822,655914.9940652557,0.0011196505999241481,0.002183312909759427
Highland Park Southern Tip,51760010700,396.33382629113174,1279030.8640431822,1035664.9647724639,0.000309870416291808,0.0003826853661871303
Highland Park Southern Tip,51760010800,279.6813806551581,1279030.8640431822,1477259.2824271708,0.00021866663934211016,0.00018932450381739025
Highland Park Southern Tip,51760020400,39.32073950500678,1279030.8640431822,1775553.0998802304,3.074260411567304e-05,2.214562859745459e-05
Highland Terrace,51760010800,291367.3632070276,292043.70741842187,1477259.2824271708,0.9976840993515219,0.19723508707848791
Highland Terrace,51760010700,676.3441771688704,292043.70741842187,1035664.9647724639,0.0023159005312853634,0.000653053062693362
Highland Terrace,51760010900,3.423174261144501e-05,292043.70741842187,1772839.2827464018,1.1721445024117544e-10,1.9308993739361842e-11
Hillside Court,51760060700,400773.81396133604,400773.8139613361,7728952.249425177,0.9999999999999999,0.05185357614172641
Hioaks,51760071004,801862.524487731,809539.3095211441,1304798.3677047023,0.9905170941755083,0.6145489941854418
Hioaks,51760071003,3458.859437245309,809539.3095211441,1421053.634362353,0.004272626908372468,0.002434010478990364
Hioaks,51760071100,955.3983879295781,809539.3095211441,4438470.749531679,0.0011801754117347458,0.000215253956113237
Hollywood Cemetery,51760041300,1616573.064803193,1738111.6543463592,3206169.126963298,0.9300743486534688,0.504207046100004
Hollywood Cemetery,51760061001,103204.1055341129,1738111.6543463592,1914479.0268871319,0.059377143738745725,0.05390714867319218
Hollywood Cemetery,51760060501,11029.795135675113,1738111.6543463592,1633187.6613815862,0.006345849593778266,0.006753538124543825
Hollywood Cemetery,51760041200,7304.688873350569,1738111.6543463592,327678.4967240193,0.0042026580139913955,0.022292243605788995
Huguenot,51760070100,6309151.6332467245,6330737.9333678,10231758.23235153,0.9965902395031551,0.6166243855623935
Jackson Ward,51760030200,484776.67146246816,496562.7581466216,1304886.4366355122,0.9762646584126768,0.3715087059318393
Jackson Ward,51760030100,6028.188643740096,496562.7581466216,655914.9940652557,0.0121398323672919,0.009190502882665255
Jackson Ward,51760040201,5687.2335835621525,496562.7581466216,502566.9732325409,0.011453202017785769,0.01131636953176912
Jackson Ward,51760011100,70.66445685062209,496562.7581466216,2452304.362058377,0.00014230720224442766,2.8815532828604058e-05
Jahnke,51760071100,736254.9895784818,1530314.4039443936,4438470.749531679,0.48111354613194557,0.16588032931301103
Jahnke,51760071003,551514.1123858057,1530314.4039443936,1421053.634362353,0.3603926820294412,0.38810224966158857
Jahnke,51760071002,186510.70421706283,1530314.4039443936,2269214.7128336723,0.12187737613677979,0.08219173935469437
Jahnke,51760071004,56034.597763054204,1530314.4039443936,1304798.3677047023,0.03661639570184057,0.042945024419080026
Jeff Davis,51760060800,1342079.7023841906,2455631.404275545,7990207.384573439,0.5465314134879815,0.16796556557159226
Jeff Davis,51760060900,1107878.5029140613,2455631.404275545,2794746.290776857,0.45115830534872364,0.39641469659347994
Jeff Davis,51760070901,2533.1648538200293,2455631.404275545,4707115.132723623,0.0010315737326902928,0.0005381565528766435
Jeff Davis,51760070902,168.88479500512437,2455631.404275545,3516278.9141676477,6.877448900151544e-05,4.8029408112269094e-05
John Marshall,51760010300,326421.99957646726,494534.5809294484,1238739.8171237665,0.6600589972150713,0.26351134843989066
John Marshall,51760010201,88915.73696999533,494534.5809294484,1262374.4315691385,0.17979680369951778,0.07043531201711094
John Marshall,51760010401,79190.44080668093,494534.5809294484,1397640.905579112,0.16013125039273732,0.05666007662666999
Laburnum Park,51760010402,675779.379561225,682205.951499515,2239268.3245405247,0.9905797187430508,0.3017857985821722
Laburnum Park,51760010401,6426.57193828991,682205.951499515,1397640.905579112,0.009420281256948956,0.0045981567315583555
Magnolia Industrial Center,51760010900,446343.2583400177,468703.20175529004,1772839.2827464018,0.9522940245948086,0.251767468537003
Magnolia Industrial Center,51760020100,10607.886890511156,468703.20175529004,961146.4524562622,0.022632418235644002,0.011036701913014528
Malvern Gardens,51760050100,519781.6447900529,601573.9845200165,1667998.1406871341,0.8640361088832257,0.3116200384827336
Malvern Gardens,51760050200,81607.65277545132,601573.9845200165,1702725.5917364846,0.13565688489764796,0.0479276597306708
Malvern Gardens,51760040700,184.6869545118509,601573.9845200165,677613.8378304284,0.00030700621912566387,0.00027255487447419644
Manchester,51760061002,548244.9003866568,818180.8343427771,2241252.241267397,0.6700779062211195,0.24461543876767386
Manchester,51760061001,268709.72580085223,818180.8343427771,1914479.0268871319,0.3284233931202991,0.14035657848796795
Manchester,51760030502,1226.208155271403,818180.8343427771,1812777.8260914558,0.0014987006585853156,0.0006764249527010378
Mary Munford,51760050300,691990.6054515374,727917.0914543238,695781.4652227112,0.9506448104810837,0.9945516516885652
Mary Munford,51760050400,27652.188227602044,727917.0914543238,1894541.8662592266,0.03798810132669785,0.014595712409460393
Mary Munford,51760050200,6731.160994902723,727917.0914543238,1702725.5917364846,0.009247153383161217,0.003953168395171713
Mary Munford,51760050100,1475.1288114182935,727917.0914543238,1667998.1406871341,0.002026506629307325,0.0008843707768226961
Mary Munford,51760050600,68.00796884665472,727917.0914543238,6268169.2691784715,9.342817972686956e-05,1.0849733937636322e-05
Maury,51760060700,1542623.7737524344,1543326.1814519553,7728952.249425177,0.9995448741115374,0.19959028390519082
Maury,51760060400,503.7632992235449,1543326.1814519553,2378367.02179036,0.0003264140175148239,0.0002118105803722117
Maury,51760070902,84.41763840723556,1543326.1814519553,3516278.9141676477,5.4698507303113184e-05,2.4007662778712876e-05
Maury,51760061001,65.79450841609196,1543326.1814519553,1914479.0268871319,4.263162849618267e-05,3.436679508736706e-05
Maury,51760060800,48.43225347106977,1543326.1814519553,7990207.384573439,3.1381735146555274e-05,6.061451366653777e-06
Maymont,51760041300,572226.0354166747,589164.3826214232,3206169.126963298,0.9712502186072702,0.17847655964383102
Maymont,51760041600,13446.03361530191,589164.3826214232,3279678.694886118,0.02282221059507236,0.004099802104476824
Maymont,51760060502,3411.850041996235,589164.3826214232,2668790.5551646114,0.005790998476207229,0.0012784255532505779
Maymont,51760041400,80.46354745329413,589164.3826214232,643875.9705228641,0.0001365723214551434,0.0001249674644449817
Maymont Park,51760041600,446063.62458977243,768062.8945419434,3279678.694886118,0.5807644500985761,0.13600833072011076
Maymont Park,51760041300,252363.49650306613,768062.8945419434,3206169.126963298,0.32857139473398256,0.07871184785005106
Maymont Park,51760060502,69601.46819748645,768062.8945419434,2668790.5551646114,0.09061949052882616,0.02607977912046883
Maymont Park,51760060600,34.30525159796445,768062.8945419434,2049141.965836721,4.466463858851479e-05,1.6741276187741667e-05
McGuire,51760070602,570718.899084056,885449.8350441745,2109099.274511415,0.6445524935419783,0.2705984047224455
McGuire,51760070902,314005.96462877403,885449.8350441745,3516278.9141676477,0.3546287459787132,0.08930064204053723
McGuire,51760070601,719.3629965482496,885449.8350441745,3489609.977987726,0.0008124265972813255,0.00020614423992536504
McGuire,51760070901,5.608334804581766,885449.8350441745,4707115.132723623,6.333882036696037e-06,1.1914590245717404e-06
McGuire Manor,51760070602,741483.1091758838,760225.9758485117,2109099.274511415,0.9753456639629968,0.35156387285167157
McGuire Manor,51760070901,14971.347919890191,760225.9758485117,4707115.132723623,0.019693286464172982,0.0031805782305621014
McGuire Manor,51760070601,3771.518752741296,760225.9758485117,3489609.977987726,0.004961049572834955,0.0010807851813044538
McGuire Veterans Hospital,51760070902,720018.1051281416,721146.0482113463,3516278.9141676477,0.9984359020118014,0.2047670627682787
McGuire Veterans Hospital,51760070602,1127.9430832047447,721146.0482113463,2109099.274511415,0.0015640979881986102,0.0005347984785903637
Midlothian,51760070601,1790403.0225973912,3538096.835409114,3489609.977987726,0.5060356191156551,0.5130667994105811
Midlothian,51760070700,921464.6314955454,3538096.835409114,4541581.596237167,0.26044076077103623,0.20289509545727547
Midlothian,51760071004,377145.122656877,3538096.835409114,1304798.3677047023,0.10659547779541406,0.289044753573934
Midlothian,51760071002,351513.2158613576,3538096.835409114,2269214.7128336723,0.09935093136610312,0.1549052250866146
Midlothian,51760071003,93457.43883581129,3538096.835409114,1421053.634362353,0.026414607395844412,0.06576629943861828
Midlothian,51760070602,207.4045935610434,3538096.835409114,2109099.274511415,5.862038355913483e-05,9.833799483387991e-05
Monroe Ward,51760030501,484348.61772019527,540400.7940210883,589035.457153883,0.8962766581377272,0.8222741294055262
Monroe Ward,51760030502,42844.141922820454,540400.7940210883,1812777.8260914558,0.07928215945801984,0.023634524488418438
Monroe Ward,51760040300,7743.758220199961,540400.7940210883,519526.4054165723,0.014329657368893084,0.014905417971952314
Monroe Ward,51760030200,5308.760473725289,540400.7940210883,1304886.4366355122,0.009823746620028325,0.004068369725271472
Monroe Ward,51760041200,99.0721729013041,540400.7940210883,327678.4967240193,0.00018333091660379384,0.0003023456647042228
Monroe Ward,51760040201,56.443511253375604,540400.7940210883,502566.9732325409,0.0001044474987414119,0.00011231042678815035
Monument Avenue Park,51760050200,429033.04462192144,431653.4199328438,1702725.5917364846,0.9939294461947502,0.251968400959066
Mosby,51760020400,453416.1094404034,454468.6242268008,1775553.0998802304,0.997684076016935,0.2553661219543299
Mosby,51760020501,1052.5147863966554,454468.6242268008,1008996.5720499118,0.0023159239830633544,0.0010431301904805588
Museums,51760040202,614636.592038456,614636.5920384561,3581140.5973020694,0.9999999999999998,0.17163151664626233
Newtowne West,51760040202,427751.0752033755,427984.1059550005,3581140.5973020694,0.9994555154072718,0.11944548491774691
Newtowne West,51760011100,228.16944987968387,427984.1059550005,2452304.362058377,0.0005331259892713732,9.30428756763971e-05
Newtowne West,51760040201,4.861301737043277,427984.1059550005,502566.9732325409,1.1358603437377202e-05,9.672943102040895e-06
North Highland Park,51760010800,730133.7638935331,1181241.6911292365,1477259.2824271708,0.6181070050072006,0.49424889224179164
North Highland Park,51760010900,448750.4608592316,1181241.6911292365,1772839.2827464018,0.3798972422233402,0.25312529185615057
Northern Barton Heights,51760011100,416829.74282581115,1296631.8443230754,2452304.362058377,0.3214711597981946,0.16997471817728985
Northern Barton Heights,51760011000,300817.3950205062,1296631.8443230754,1322331.8231341823,0.23199908002996186,0.22749009723407457
Northern Barton Heights,51760010700,292735.61654270516,1296631.8443230754,1035664.9647724639,0.22576617859908557,0.2826547450188385
Northern Barton Heights,51760010600,283546.765175164,1296631.8443230754,921051.8353835711,0.2186794705194006,0.307851039737716
Northern Barton Heights,51760010800,2639.1752988064736,1296631.8443230754,1477259.2824271708,0.0020354083623361045,0.0017865349232872975
Northern Barton Heights,51760010402,63.149460080057914,1296631.8443230754,2239268.3245405247,4.870269101945893e-05,2.8200934826787917e-05
Northrop,51760060502,720575.0795984345,728943.310657568,2668790.5551646114,0.9885200523322113,0.27000061065263675
Northrop,51760071002,6638.179732908361,728943.310657568,2269214.7128336723,0.009106578846193356,0.002925320242005201
Northrop,51760060400,1514.2121437468263,728943.310657568,2378367.02179036,0.00207727009989416,0.0006366604186291546
Northrop,51760060600,215.8391824851298,728943.310657568,2049141.965836721,0.0002960987217105055,0.00010533149292904005
Oak Grove,51760060200,895586.4433868544,1381739.653011575,1532966.5362485393,0.6481586031311152,0.5842178692161961
Oak Grove,51760060700,486152.2315883589,1381739.653011575,7728952.249425177,0.35184068903918636,0.06290014686331065
Oak Grove,51760061002,0.978036362454392,1381739.653011575,2241252.241267397,7.078296988312594e-07,4.3637942416571815e-07
Oakwood,51760020900,383386.8712296211,383386.8712296213,2746021.9369417527,0.9999999999999996,0.13961537090144277
Oakwood Cemetery,51760020900,1631553.8747624035,1643456.6966617983,2746021.9369417527,0.992757447200421,0.594151799304075
Oakwood Cemetery,51760021000,6125.4793139722215,1643456.6966617983,820221.9103319041,0.003727192402704824,0.007468075696116843
Oakwood Cemetery,51760020200,402.9825721467089,1643456.6966617983,1003787.1565336575,0.00024520425330661294,0.00040146217205878015
Oakwood Cemetery,51760020300,16.844668167854515,1643456.6966617983,816457.4750360701,1.0249535751121118e-05,2.0631409084852015e-05
Oakwood Cemetery,51760020800,0.0006375056396437898,1643456.6966617983,786322.0614423872,3.8790534666273597e-10,8.107436773100115e-10
Oakwood Cemetery,51760021100,5.227687276392366e-05,1643456.6966617983,1545667.5845948318,3.1809096564642585e-11,3.382154952652842e-11
Old Town Manchester,51760061002,1251746.6465790216,1475165.2163094194,2241252.241267397,0.8485467476725432,0.558503243647032
Old Town Manchester,51760060200,208875.5408029207,1475165.2163094194,1532966.5362485393,0.14159467596821954,0.1362557732760944
Old Town Manchester,51760060700,14536.33175777673,1475165.2163094194,7728952.249425177,0.009854036413727165,0.0018807635613039058
Old Town Manchester,51760061001,6.697169706240146,1475165.2163094194,1914479.0268871319,4.5399455140321035e-06,3.4981682286326648e-06
Oregon Hill,51760041200,306277.58144066064,419262.1699282509,327678.4967240193,0.7305156615801385,0.9346892899677114
Oregon Hill,51760041300,99216.09292378966,419262.1699282509,3206169.126963298,0.2366445151509107,0.030945370937983406
Oregon Hill,51760061001,13768.495563827983,419262.1699282509,1914479.0268871319,0.03283982326901616,0.007191771427350144
Oxford,51760070300,1873426.7249567143,1891186.9069912408,3529461.3538868655,0.9906089757871781,0.5307967809007396
Oxford,51760070400,16210.241107513344,1891186.9069912408,7822957.285216767,0.008571464326232469,0.002072137238707187
Oxford,51760070100,1420.9059598694084,1891186.9069912408,10231758.23235153,0.0007513302649339828,0.000138872120275153
Parnell Industrial Area,51760070901,1228583.9821355338,1465430.6238370622,4707115.132723623,0.8383774449305744,0.2610057216562393
Parnell Industrial Area,51760060900,236074.57046363156,1465430.6238370622,2794746.290776857,0.1610956988502788,0.0844708413220614
Parnell Industrial Area,51760060800,772.0712378976853,1465430.6238370622,7990207.384573439,0.0005268562191474512,9.662718384360216e-05
Peter Paul,51760020300,199474.8084838518,302791.4415541596,816457.4750360701,0.658786151484312,0.24431745018323123
Peter Paul,51760020200,101921.87859616116,302791.4415541596,1003787.1565336575,0.3366075278515777,0.10153734079256838
Peter Paul,51760020400,1394.7544741497375,302791.4415541596,1775553.0998802304,0.004606320664120425,0.0007855323922691022
Pine Camp,51760010300,439754.2114125174,454987.4244215659,1238739.8171237665,0.9665194856134436,0.35500127253000063
Pine Camp,51760010201,11068.979826602294,454987.4244215659,1262374.4315691385,0.0243281005858008,0.008768380877964622
Piney Knolls,51760070803,1336391.0848142225,2055323.0571232093,3063221.752910228,0.6502097469216055,0.43626978149543955
Piney Knolls,51760070804,709225.8467389974,2055323.0571232093,3559118.775923992,0.3450678200105852,0.1992700697533966
Piney Knolls,51760070802,8519.79959426037,2055323.0571232093,2992889.8412769204,0.004145236226846667,0.0028466799802512564
Piney Knolls,51760070700,1186.32597572228,2055323.0571232093,4541581.596237167,0.0005771968409592769,0.0002612142819816748
Pocoshock,51760070700,454671.6233376819,454671.6233376817,4541581.596237167,1.0000000000000004,0.10011305834830549
Powhite Park,51760071100,463502.20310027665,464956.30422054935,4438470.749531679,0.9968726069373113,0.1044283559037046
Providence Park,51760010700,282696.3856023454,524624.7075838859,1035664.9647724639,0.538854502115006,0.27296123284855345
Providence Park,51760010800,241113.55981619275,524624.7075838859,1477259.2824271708,0.45959245977304536,0.16321681825551818
Providence Park,51760010500,83.6337326062833,524624.7075838859,800670.0482445806,0.00015941630540324968,0.00010445467866525676
Randolph,51760041300,620372.7044115479,899988.4167554615,3206169.126963298,0.6893118765328634,0.1934934433727549
Randolph,51760041400,279615.7123439128,899988.4167554615,643875.9705228641,0.3106881234671357,0.4342695257237956
Reedy Creek,51760060400,459941.6817223695,460332.6663671858,2378367.02179036,0.9991506476220733,0.19338549412619244
Reedy Creek,51760060502,385.60144600600916,460332.6663671858,2668790.5551646114,0.0008376582288827465,0.00014448546562029676
Reedy Creek,51760060501,5.383198805982794,460332.6663671858,1633187.6613815862,1.1694149034578547e-05,3.296129975307863e-06
Rosedale,51760010202,775511.1885039783,785602.1823178125,2626712.58406464,0.9871550842895292,0.2952402151680916
Rosedale,51760010402,7002.7510648656735,785602.1823178125,2239268.3245405247,0.008913864068204352,0.0031272496413767507
Rosedale,51760010401,3088.2427489666256,785602.1823178125,1397640.905579112,0.003931051642264008,0.0022096110214282925
Sauer's Gardens,51760050100,809180.3708016492,908200.7539388958,1667998.1406871341,0.890970820374469,0.4851206671419347
Sauer's Gardens,51760050200,97570.34363197732,908200.7539388958,1702725.5917364846,0.10743257281918299,0.057302447385237515
Sauer's Gardens,51760040700,734.5917062430893,908200.7539388958,677613.8378304284,0.0008088428720821267,0.0010840860461101144
Sauer's Gardens,51760040202,438.40167461345453,908200.7539388958,3581140.5973020694,0.00048271450195575417,0.00012241956513624013
Scott's Addition,51760040202,850630.4681474956,1027573.880012398,3581140.5973020694,0.8278046811945361,0.23753059815309588
Scott's Addition,51760050100,175773.99812703356,1027573.880012398,1667998.1406871341,0.17105728507317916,0.105380212267277
Sherwood Park,51760010402,663348.4853027848,688173.5899254795,2239268.3245405247,0.9639261009342383,0.2962344789291374
Sherwood Park,51760010600,24825.10462269483,688173.5899254795,921051.8353835711,0.03607389906576199,0.026952994032476404
Shockoe Bottom,51760020501,662303.9275759767,1371540.7703256293,1008996.5720499118,0.48289044110495777,0.6563985903643037
Shockoe Bottom,51760021100,445517.0154052588,1371540.7703256293,1545667.5845948318,0.32482958220737745,0.2882359828501177
Shockoe Bottom,51760020502,193912.0239291388,1371540.7703256293,544061.4998396448,0.14138261736331798,0.35641563313392316
Shockoe Bottom,51760060700,62476.24332016197,1371540.7703256293,7728952.249425177,0.045551867412099566,0.008083403973004038
Shockoe Bottom,51760020800,7151.823922091773,1371540.7703256293,786322.0614423872,0.005214445007270033,0.009095285853957663
Shockoe Bottom,51760030502,179.73617299845958,1371540.7703256293,1812777.8260914558,0.00013104690497518852,9.914958712066229e-05
Shockoe Slip,51760030502,195273.58370507957,197126.81770194176,1812777.8260914558,0.9905987728180936,0.10772063784899137
Shockoe Slip,51760020501,1853.2339968654917,197126.81770194176,1008996.5720499118,0.009401227181923086,0.0018367099038804446
South Garden,51760070803,1440550.3349397618,1455945.2012025476,3063221.752910228,0.9894262048804651,0.47027295153253607
South Garden,51760070700,8770.44211900474,1455945.2012025476,4541581.596237167,0.006023882019571021,0.0019311426940498675
South Garden,51760070802,3110.5116744227234,1455945.2012025476,2992889.8412769204,0.00213642084321139,0.0010393004217942147
South Garden,51760070602,2795.3064807012806,1455945.2012025476,2109099.274511415,0.0019199256114807608,0.0013253555745254472
South Garden,51760070601,619.0890564637089,1455945.2012025476,3489609.977987726,0.00042521453139333,0.00017740924067987244
South Garden,51760070901,88.12767102617217,1455945.2012025476,4707115.132723623,6.0529524705588185e-05,1.8722225512079176e-05
South Garden,51760070804,11.38926117253065,1455945.2012025476,3559118.775923992,7.822589176518192e-06,3.2000227836099273e-06
Southampton,51760070100,1492930.4788071725,1507555.8579733276,10231758.23235153,0.9902986154119578,0.14591143036264426
Southampton,51760070300,6657.578560014006,1507555.8579733276,3529461.3538868655,0.004416140552804509,0.0018862874224935939
Southern Barton Heights,51760011000,459907.6911306918,595955.9033943507,1322331.8231341823,0.7717142971673288,0.3478005165455533
Southern Barton Heights,51760011100,135997.2655986274,595955.9033943507,2452304.362058377,0.22820021552607472,0.05545692765659648
Southern Barton Heights,51760030100,50.94666503079007,595955.9033943507,655914.9940652557,8.548730659536414e-05,7.767266412836643e-05
Southwood,51760070601,503645.30741880514,513617.26533440826,3489609.977987726,0.9805848467552769,0.14432710549195266
Southwood,51760070602,6498.079292245464,513617.26533440826,2109099.274511415,0.012651598244102375,0.00308097365106286
Southwood,51760070803,3473.8786233437363,513617.26533440826,3063221.752910228,0.006763555000593579,0.0011340604447077206
Stadium,51760041600,462425.8224464067,466264.8428183113,3279678.694886118,0.9917664382570647,0.1409972943896761
Stadium,51760050600,3839.0203719064643,466264.8428183113,6268169.2691784715,0.008233561742939322,0.0006124627793291262
Stonewall Court,51760050400,606332.7068898687,606517.7740616761,1894541.8662592266,0.9996948693348786,0.3200418621981011
Stonewall Court,51760050200,185.06717180687497,606517.7740616761,1702725.5917364846,0.00030513066512055046,0.00010868878268173474
Stony Point,51760070100,2339031.0735538397,2340053.309201445,10231758.23235153,0.999563157111171,0.22860499832356457
Stratford Hills,51760070400,4658718.2663178565,5559394.435682502,7822957.285216767,0.8379902380043892,0.5955188167934331
Stratford Hills,51760070300,800823.7972269238,5559394.435682502,3529461.3538868655,0.14404874604451595,0.22689688791889054
Stratford Hills,51760050600,76793.25218824433,5559394.435682502,6268169.2691784715,0.01381324046650717,0.01225130478939812
Stratford Hills,51760070100,18739.82647526182,5559394.435682502,10231758.23235153,0.003370839520754605,0.0018315353089568564
Swansboro,51760060400,818931.5208132725,1502195.6462292012,2378367.02179036,0.5451563668613655,0.34432512446998464
Swansboro,51760061001,427334.1581948819,1502195.6462292012,1914479.0268871319,0.284473037362059,0.2232117208876979
Swansboro,51760060501,255925.06335107388,1502195.6462292012,1633187.6613815862,0.17036733130833845,0.15670279013409608
Swansboro,51760060700,4.903869973788591,1502195.6462292012,7728952.249425177,3.2644682376082265e-06,6.344805628930241e-07
Swansboro West,51760060400,800310.8670031432,806788.7999304567,2378367.02179036,0.9919707203076296,0.33649594855242076
Swansboro West,51760070602,6315.20210705128,806788.7999304567,2109099.274511415,0.007827577809205627,0.0029942649847595404
Swansboro West,51760060502,162.73082026029306,806788.7999304567,2668790.5551646114,0.0002017018831623841,6.0975493166887276e-05
Swanson,51760070700,959378.6600151977,970759.0978222556,4541581.596237167,0.9882767642017591,0.21124329480506768
Swanson,51760070601,11252.019284921977,970759.0978222556,3489609.977987726,0.011590949093512593,0.0032244346376526646
Swanson,51760070803,128.41852214089215,970759.0978222556,3063221.752910228,0.0001322867047334182,4.192269855059874e-05
The Diamond,51760040202,1577042.5041896247,1862285.1711770005,3581140.5973020694,0.8468319077002063,0.440374361558919
The Diamond,51760010202,262499.7150190272,1862285.1711770005,2626712.58406464,0.1409557027472448,0.09993469274541969
The Diamond,51760010402,8523.269032009286,1862285.1711770005,2239268.3245405247,0.004576779734879387,0.0038062741023937694
The Diamond,51760011100,6109.707355517507,1862285.1711770005,2452304.362058377,0.003280758205069126,0.0024914147893083044
The Diamond,51760010600,2564.4355453285193,1862285.1711770005,921051.8353835711,0.0013770369785566976,0.0027842467131728396
The Fan,51760041100,871448.218153475,2472555.1763253254,875081.8570777997,0.3524484413927653,0.9958476582562702
The Fan,51760040500,604227.851977085,2472555.1763253254,608126.8754801917,0.24437385978786505,0.9935884703335502
The Fan,51760041000,483253.2255040441,2472555.1763253254,485647.63101405697,0.19544689240150662,0.9950696650058537
The Fan,51760040400,475159.42730490654,2472555.1763253254,476444.29002250975,0.1921734373633196,0.9973032256981346
The Fan,51760040202,10836.960009825969,2472555.1763253254,3581140.5973020694,0.004382899161802204,0.0030261196720369563
The Fan,51760041400,10681.876623196888,2472555.1763253254,643875.9705228641,0.004320177250431326,0.016589960042339508
The Fan,51760041300,10022.949613365783,2472555.1763253254,3206169.126963298,0.004053680868008673,0.0031261450087191607
The Fan,51760041600,4095.3005964082836,2472555.1763253254,3279678.694886118,0.00165630301625651,0.0012486895752300171
The Fan,51760040201,2384.683839283357,2472555.1763253254,502566.9732325409,0.0009644613241057934,0.004745007066311834
The Fan,51760040300,444.6827037295171,2472555.1763253254,519526.4054165723,0.00017984743393690322,0.0008559385992574464
The Museum District,51760040700,676267.1233803229,1641373.8521571264,677613.8378304284,0.4120128528254298,0.9980125635355717
The Museum District,51760040900,432227.7322356354,1641373.8521571264,681221.2059976595,0.263332897418582,0.6344895438224517
The Museum District,51760040600,299095.1854879288,1641373.8521571264,299095.1854879288,0.18222246266129555,1.0
The Museum District,51760040800,220180.39137214745,1641373.8521571264,541116.3847270512,0.1341439618297696,0.40690024842476424
The Museum District,51760040202,6380.151630601172,1641373.8521571264,3581140.5973020694,0.00388708009586984,0.001781597638307694
The Museum District,51760040500,3899.0235031381076,1641373.8521571264,608126.8754801917,0.0023754633948956435,0.006411529666501492
The Museum District,51760041000,2394.4055100178825,1641373.8521571264,485647.63101405697,0.001458781317169825,0.004930334994156653
The Museum District,51760041100,813.4451723942661,1641373.8521571264,875081.8570777997,0.0004955879925376051,0.0009295646639397144
The Museum District,51760050100,116.39386496254382,1641373.8521571264,1667998.1406871341,7.091246446358133e-05,6.97805723659831e-05
Three Chopt,51760050500,2503529.9387577088,2514994.174554782,4313020.017379963,0.9954416451882626,0.5804586875714368
Three Chopt,51760050400,4972.875433094688,2514994.174554782,1894541.8662592266,0.0019772910344712877,0.0026248432519011215
Three Chopt,51760050600,60.13312684564702,2514994.174554782,6268169.2691784715,2.3909847368251705e-05,9.593411451303752e-06
Union Hill,51760020502,185173.68575651324,467241.6025258019,544061.4998396448,0.3963124960523771,0.34035432724258347
Union Hill,51760020700,135782.57358573985,467241.6025258019,500235.63385203277,0.29060463120520547,0.2714372275724437
Union Hill,51760020600,74911.1868630696,467241.6025258019,471927.66581409145,0.16032644879676114,0.15873446777875425
Union Hill,51760020501,71260.68653222006,467241.6025258019,1008996.5720499118,0.15251357359233636,0.0706253009239114
Union Hill,51760020400,113.46978826525927,467241.6025258019,1775553.0998802304,0.000242850353332981,6.390672758416144e-05
University of Richmond,51760050500,1034568.680514516,1038910.1008242427,4313020.017379963,0.9958211780727877,0.2398710593379038
Upper Shockoe Valley,51760020400,583168.5856428971,867133.1250512617,1775553.0998802304,0.6725248624407265,0.32844333728021685
Upper Shockoe Valley,51760020501,209529.89681083206,867133.1250512617,1008996.5720499118,0.24163521235386481,0.20766165378059112
Upper Shockoe Valley,51760020100,49531.51975757122,867133.1250512617,961146.4524562622,0.05712100982723166,0.05153379033027768
Upper Shockoe Valley,51760020502,24903.122839945765,867133.1250512617,544061.4998396448,0.028718915378159016,0.04577262468909424
VCU,51760040300,511337.96449266386,524059.89198242215,519526.4054165723,0.9757242870817043,0.9842386434288307
VCU,51760041200,4294.190686694107,524059.89198242215,327678.4967240193,0.00819408382971262,0.013104890096925718
VCU,51760040201,3858.30087212758,524059.89198242215,502566.9732325409,0.007362328106301625,0.0076771874747573595
VCU,51760041300,3161.999171970448,524059.89198242215,3206169.126963298,0.006033659931518871,0.0009862234482200616
VCU,51760040400,1284.862717585573,524059.89198242215,476444.29002250975,0.002451747857912144,0.002696774301828382
VCU,51760041100,122.57404138174621,524059.89198242215,875081.8570777997,0.00023389319285257868,0.00014007151489926124
Virginia Union,51760011100,812508.169836234,1050724.2621932616,2452304.362058377,0.7732839138407445,0.33132435859398934
Virginia Union,51760010600,224390.66723522876,1050724.2621932616,921051.8353835711,0.2135580906515283,0.24362436359706235
Virginia Union,51760040202,9080.348062170942,1050724.2621932616,3581140.5973020694,0.008641989519892496,0.0025356022237752467
Virginia Union,51760010402,4745.077059629053,1050724.2621932616,2239268.3245405247,0.004516005987835733,0.0021190301348109745
Walmsley,51760070901,1252394.846488226,1270424.052339892,4707115.132723623,0.9858085134499308,0.26606420518198953
Walmsley,51760070802,9381.377988557062,1270424.052339892,2992889.8412769204,0.007384446139285742,0.003134555057514073
Walmsley,51760060900,31.629345312957437,1270424.052339892,2794746.290776857,2.4896683319795377e-05,1.1317429928197672e-05
Warwick,51760070700,553393.4711282296,557518.7334473983,4541581.596237167,0.9926006749698612,0.12185038612687975
Warwick,51760070601,4125.262319177736,557518.7334473983,3489609.977987726,0.007399325030155158,0.0011821556979718852
Washington Park,51760010300,449530.26612103346,456933.85860890587,1238739.8171237665,0.983797233782561,0.36289320800618086
Washington Park,51760010500,96.71066199850168,456933.85860890587,800670.0482445806,0.00021165133678849847,0.0001207871609666601
Westhampton,51760050400,956748.3270255488,957558.0455383187,1894541.8662592266,0.9991543922412404,0.505002472663562
Westhampton,51760050500,471.7576774269214,957558.0455383187,4313020.017379963,0.0004926674467673752,0.00010937989518386257
Westhampton,51760050600,174.03964367193282,957558.0455383187,6268169.2691784715,0.00018175362264758734,2.7765626006258613e-05
Westlake Hills,51760071100,1108971.0062393637,1108982.7321504194,4438470.749531679,0.9999894264259346,0.24985430091127123
Westlake Hills,51760070400,11.725911049678711,1108982.7321504194,7822957.285216767,1.057357406002264e-05,1.4989102742306225e-06
Westover,51760071002,1600632.899600458,1603756.602167868,2269214.7128336723,0.9980522589505243,0.7053686416485792
Westover,51760060600,2576.333253207167,1603756.602167868,2049141.965836721,0.0016064365688188747,0.0012572741645819447
Westover,51760071100,477.6683710502218,1603756.602167868,4438470.749531679,0.00029784343235409697,0.00010762003356688169
Westover,51760060502,69.28139925561126,1603756.602167868,2668790.5551646114,4.3199447573254294e-05,2.5959848786761752e-05
Westover,51760071003,0.4195438858893442,1603756.602167868,1421053.634362353,2.616007225299826e-07,2.952343780307768e-07
Westover Hills,51760060600,1003276.8271377165,1024498.3456262843,2049141.965836721,0.9792859416716824,0.48960825743864506
Westover Hills,51760041600,18549.538082480183,1024498.3456262843,3279678.694886118,0.018105971729159502,0.005655901022073837
Westover Hills,51760060502,2671.9804060840397,1024498.3456262843,2668790.5551646114,0.0026080865991546685,0.0010011952421344025
Westover Hills West,51760071100,808565.8776095985,864320.7715722013,4438470.749531679,0.9354928218823383,0.182172176688314
Westover Hills West,51760050600,47944.81082154055,864320.7715722013,6268169.2691784715,0.05547108480839682,0.007648933645951837
Westover Hills West,51760060600,5837.327467786887,864320.7715722013,2049141.965836721,0.006753658664443267,0.0028486691332795704
Westover Hills West,51760041600,1897.4837119129734,864320.7715722013,3279678.694886118,0.0021953466517545873,0.0005785578065533217
Westover Hills West,51760070400,75.27196135287096,864320.7715722013,7822957.285216767,8.708799305603995e-05,9.621931784686364e-06
Whitcomb,51760020100,875476.1009705215,1167833.021964359,961146.4524562622,0.7496586279928296,0.9108664956658733
Whitcomb,51760020400,289138.6033733183,1167833.021964359,1775553.0998802304,0.24758556911412846,0.16284424464287894
Whitcomb,51760010900,3217.730848377859,1167833.021964359,1772839.2827464018,0.0027553004478032823,0.0018150155401526849
Whitcomb,51760020200,0.5867721468449645,1167833.021964359,1003787.1565336575,5.024452432917007e-07,5.845583329350854e-07
Willow Oaks,51760070400,1769079.4118829898,1820322.9259809733,7822957.285216767,0.9718492178686546,0.22613946968955873
Willow Oaks,51760050600,38338.70918034569,1820322.9259809733,6268169.2691784715,0.021061487845451893,0.006116412549492381
Willow Oaks,51760071100,12904.804917642763,1820322.9259809733,4438470.749531679,0.0070892942858961985,0.002907489008236542
Willow lawn,51760050200,356913.32374814386,584602.7814292265,1702725.5917364846,0.6105227944273007,0.20961294378864315
Willow lawn,51760050400,227672.98276961772,584602.7814292265,1894541.8662592266,0.38944902419555183,0.12017310718984431
Wilton,51760050600,2970363.485221778,2980771.3000724944,6268169.2691784715,0.9965083484095331,0.47388054751927344
Wilton,51760070400,8937.783937576394,2980771.3000724944,7822957.285216767,0.002998480271652851,0.0011425070611680755
Wilton,51760050400,969.5854864003114,2980771.3000724944,1894541.8662592266,0.0003252800663964828,0.000511778337374385
Wilton,51760050500,167.50534347429397,2980771.3000724944,4313020.017379963,5.61953020247545e-05,3.883713564956944e-05
Wilton,51760050300,107.8448326312917,2980771.3000724944,695781.4652227112,3.6180176798088745e-05,0.00015499813953332583
Windsor,51760060800,468873.64256284863,484122.30761704023,7990207.384573439,0.9685024531729409,0.05868103542194602
Windsor,51760060700,15248.665054191886,484122.30761704023,7728952.249425177,0.031497546827059617,0.0019729278383529888
Windsor Farms,51760050600,3013733.881015303,3036088.1761603807,6268169.2691784715,0.9926371390262624,0.4807996963059509
Windsor Farms,51760070400,20839.904892739687,3036088.1761603807,7822957.285216767,0.006864064441993605,0.0026639420532336743
Windsor Farms,51760041600,1292.1577821799465,3036088.1761603807,3279678.694886118,0.00042559955680012123,0.0003939891380807395
Windsor Farms,51760050300,222.2324701439946,3036088.1761603807,695781.4652227112,7.319697493932574e-05,0.00031939981337798454
Woodhaven,51760070601,1172059.6380518822,1173244.0129093255,3489609.977987726,0.9989905127625527,0.33587124218613884
Woodhaven,51760070700,1184.3748574451972,1173244.0129093255,4541581.596237167,0.0010094872374488153,0.0002607846699102547
Woodland Heights,51760060501,1121933.0875401702,1414631.3461618244,1633187.6613815862,0.7930922007236707,0.6869590764548619
Woodland Heights,51760061001,282770.47372084856,1414631.3461618244,1914479.0268871319,0.19988986847213655,0.1477010036409865
Woodland Heights,51760060400,6931.764387901679,1414631.3461618244,2378367.02179036,0.004900050042513854,0.002914505761471442
Woodland Heights,51760060502,2421.0127424673396,1414631.3461618244,2668790.5551646114,0.001711408946957119,0.0009071572655944188
Woodland Heights,51760041300,575.0077704358957,1414631.3461618244,3206169.126963298,0.00040647181472120347,0.00017934417919509773
Woodville,51760020200,158957.96012155878,301494.6928574444,1003787.1565336575,0.5272330289300277,0.15835823270590815
Woodville,51760020300,142536.73273588458,301494.6928574444,816457.4750360701,0.4727669710699689,0.17457949384269827
Worthington,51760070700,1014793.8437302626,1016603.8081654074,4541581.596237167,0.9982195970341572,0.22344503169799898
Worthington,51760070601,1809.964435135215,1016603.8081654074,3489609.977987726,0.0017804029658333948,0.000518672415127299
