OBJECTID,ID,Name,District,Class,CreatedBy,CreatedDate,EditBy,EditDate,GlobalID,Shape__Area,Shape__Length,Lead,Non-Lead,Unknown,total_points,known_points,pct_known_lead,pct_known_nonlead,pct_unknown,pct_known_lead_total,pct_known_nonlead_total,total_count,white_count,black_count,hispanic_count,asian_count,native_count,hipi_count,pct_white,pct_black,pct_hispanic,pct_asian,pct_native,pct_hipi
1,ANCL,Ancarows Landing,Old South,2,richmondvagis,1572900161564,richmondvagis,1572900161564,d3763258-5b1a-4db5-8e8c-fe23331784a2,38118946.1796875,31998.5406904348,0,117,88,205,117,0.0,1.0,0.4292682926829268,0.0,0.5707317073170731,2686.94532166211,280.8088808041676,2039.171228659417,137.94762650282618,0.16294294284781863,7.255320367721709,0.0,0.10450859514716987,0.7589180219707679,0.05133994554734502,6.064244833498294e-05,0.002700211392181833,0.0
2,BFNT,Beaufont,Midlothian,1,richmondvagis,1572900161564,richmondvagis,1572900161564,682eb750-f6f7-4682-8e8a-09637b979a09,9003009.203125,12044.3922382198,0,76,392,468,76,0.0,1.0,0.8376068376068376,0.0,0.1623931623931624,1412.365367311213,269.45616391795687,1096.2865776729448,36.14486638615932,7.9232299599764495,0.02601774994515624,0.0,0.1907836103563863,0.7762060746080156,0.025591725216945825,0.005609901052062951,1.8421401818063173e-05,0.0
3,ISLE,Belle and Mayo Islands,Downtown,3,richmondvagis,1572900161564,richmondvagis,1572900161564,27e63856-3380-4803-8be0-49926f45b5cd,12318937.3007813,23602.9606194263,0,1,20,21,1,0.0,1.0,0.9523809523809523,0.0,0.047619047619047616,1551.062064087158,768.8575189226957,529.9579165533593,41.23865235812064,41.94619093009734,0.0017940698905266031,0.0,0.49569745577859203,0.3416742171856636,0.026587364434311467,0.027043528367630992,1.1566718908714086e-06,0.0
4,BLMD,Bellemeade,Old South,1,richmondvagis,1572900161564,richmondvagis,1572900161564,8caa8e41-8a46-4158-ad95-00db7d6541fd,14060133.578125,15352.6052380613,1,82,975,1058,83,0.012048192771084338,0.9879518072289156,0.9215500945179584,0.000945179584120983,0.07750472589792061,993.572925939996,103.47235756984415,754.3136511030801,50.87629465803655,0.016493590362421148,2.699407989533112,0.0,0.10414168388490597,0.759193041003449,0.0512053955273627,1.6600281601692143e-05,0.0027168695110922686,0.0
5,BLVU,Bellevue,North,1,richmondvagis,1572900161564,richmondvagis,1572900161564,4609fa31-9100-4d2e-aaf0-a9b63f3c1866,18592001.1054688,18214.068154893,80,140,1114,1334,220,0.36363636363636365,0.6363636363636364,0.8350824587706147,0.05997001499250375,0.10494752623688156,3310.462758222159,2092.117953321233,924.2830660016816,60.4797673850377,47.325531534346496,0.0,0.0,0.6319714511589243,0.279200563034896,0.018269278890035774,0.01429574503347141,0.0,0.0
6,BMWD,Belmont Woods,Broad Rock,1,richmondvagis,1572900161564,richmondvagis,1572900161564,7baddf67-6303-4d04-919d-5879f45e9132,8825774.53125,13801.9581041861,0,98,56,154,98,0.0,1.0,0.36363636363636365,0.0,0.6363636363636364,655.3590651084962,122.07442716492099,464.7616116069809,55.44885032053028,0.03385513858355342,0.002711540337137386,0.0,0.18627105912498712,0.7091709512403533,0.08460835177636644,5.165891552587073e-05,4.137488106139928e-06,0.0
7,BCTR,Belt Center,Midlothian,2,richmondvagis,1572900161564,richmondvagis,1572900161564,679504f2-b819-4bcd-bd4f-657714517e38,9561116.5546875,17041.6505209331,0,43,289,332,43,0.0,1.0,0.8704819277108434,0.0,0.12951807228915663,1210.8252275232412,136.0802745971398,750.8722966174769,245.3148634486688,24.648375498916646,0.9987428198919891,0.0,0.11238638864131843,0.620132682693931,0.20260138116750637,0.020356674884727352,0.0008248447399257865,0.0
8,BIO,Biotech and MCV District,Downtown,2,richmondvagis,1572900161564,richmondvagis,1572900161564,7bc097fa-0d16-4144-b2ad-c206e6f76733,5580532.2890625,12267.9017626349,0,87,44,131,87,0.0,1.0,0.33587786259541985,0.0,0.6641221374045801,1254.755504441437,469.39978188995815,664.4788440818382,45.69102569941403,37.10467052249014,0.07158836640337436,0.0,0.37409661103572095,0.5295683834259293,0.03641428592078876,0.029571235504567507,5.70536380593464e-05,0.0
9,BLKW,Blackwell,Old South,1,richmondvagis,1572900161564,richmondvagis,1572900161564,a93cd195-4bb9-4d05-a203-18c5ce9d7925,10024034.0585938,13242.2737942625,4,240,643,887,244,0.01639344262295082,0.9836065573770492,0.7249154453213078,0.004509582863585118,0.2705749718151071,1518.6035678345272,326.4459610809116,1042.5108351283288,19.66985112091284,5.76721029444216,0.006743105880472105,0.0,0.214964568762611,0.6864930764089479,0.012952591141980076,0.00379770627212867,4.440333226720602e-06,0.0
10,BRAR,Brauers,East,1,richmondvagis,1572900161564,richmondvagis,1572900161564,e08edd35-7b8f-44ff-9e2e-2b09bd27ea28,2389372.65625,6337.7271226186,19,16,212,247,35,0.5428571428571428,0.45714285714285713,0.8582995951417004,0.07692307692307693,0.06477732793522267,556.6476806573505,32.50864753555934,498.25716152202244,12.628348714952486,3.88914643535897e-06,1.750463750066015,0.0,0.05840075987951584,0.8951032741816616,0.022686430131244863,6.986728896033915e-09,0.003144652912231442,0.0
11,BRCF,British Camp Farms,Broad Rock,1,richmondvagis,1572900161564,richmondvagis,1572900161564,82be128a-36eb-45de-b15b-a61d9b927cab,12546680.7304688,15341.1049848954,0,95,443,538,95,0.0,1.0,0.8234200743494424,0.0,0.17657992565055763,1094.1973711085293,254.7826422864554,337.31310841127845,409.18547282526043,15.45564848446568,0.003039955864067932,0.0,0.23284888907047507,0.30827446429481653,0.37395947351867187,0.014125101094702495,2.7782518440783293e-06,0.0
12,BRDR,Broad Rock,Old South,1,richmondvagis,1572900161564,richmondvagis,1572900161564,aaba8793-18f8-4347-bdd5-bb8afef269c0,6903014.26953125,13230.9650319142,63,19,461,543,82,0.7682926829268293,0.23170731707317074,0.848987108655617,0.11602209944751381,0.034990791896869246,955.7373581219841,181.14512662587387,683.400075421197,47.77728598345752,1.6636831555994502,0.7061163354052011,0.0,0.1895344208181027,0.7150500810851136,0.04998997431400974,0.0017407325783189785,0.0007388183891782925,0.0
13,BRIP,Broad Rock Industrial Park,Broad Rock,2,richmondvagis,1572900161564,richmondvagis,1572900161564,e756d5c8-1127-4362-a2a6-79248d0e30e9,21783191.0664063,22873.6403097182,0,203,120,323,203,0.0,1.0,0.3715170278637771,0.0,0.628482972136223,1638.2980006153832,304.370010006816,1179.1522203604463,114.44784195191586,2.4276138725799674,0.022731193229551507,0.0,0.18578427727586036,0.7197422080216963,0.06985776818925896,0.0014817901698397353,1.387488309270544e-05,0.0
14,BRSC,Broad Rock Sports Complex,Broad Rock,3,richmondvagis,1572900161564,richmondvagis,1572900161564,2443f01c-3c7d-43cb-b31a-01f3b313ed64,3024636.4765625,7629.53932578246,0,43,2,45,43,0.0,1.0,0.044444444444444446,0.0,0.9555555555555556,445.2611284497409,80.49791144480744,276.0061966992928,68.64340432842413,0.05822038365273393,4.5478420163715745,0.0,0.18078809557231243,0.6198748982653381,0.15416437668255223,0.000130755594712341,0.010213876140964133,0.0
15,BRKB,Brookbury,Broad Rock,1,richmondvagis,1572900161564,richmondvagis,1572900161564,79bf8d1b-3f2b-4b0f-97d0-5a4dc6be085a,10276043.9296875,16808.8088913534,0,192,109,301,192,0.0,1.0,0.36212624584717606,0.0,0.6378737541528239,753.8529887954033,143.6248147423002,524.0940613401995,68.11797269740161,0.576130049873379,0.0,0.0,0.19052098602381498,0.6952205126594507,0.09035975675608672,0.0007642472185379124,0.0,0.0
16,BHRM,Brookhaven Farms,Broad Rock,1,richmondvagis,1572900161564,richmondvagis,1572900161564,bfa178d2-7079-4af9-b463-eb113202921f,4021118.3359375,10099.1524157682,0,10,160,170,10,0.0,1.0,0.9411764705882353,0.0,0.058823529411764705,296.19944946679635,55.26847541645982,210.6040568749645,24.374104651406256,0.01691146424812645,0.0007263531727769016,0.0,0.1865920936583488,0.7110210949212888,0.08228950018402573,5.709485374996353e-05,2.4522434936474285e-06,0.0
17,BRKP,Brookland Park,North,1,richmondvagis,1572900161564,richmondvagis,1572900161564,792eff76-dce8-4765-9fc5-121f47f3ab7c,7294855.1171875,11394.8204760969,44,66,760,870,110,0.4,0.6,0.8735632183908046,0.05057471264367816,0.07586206896551724,1745.0736020602376,445.664073470968,1161.0885465224626,29.639314843438335,6.622262491227722,9.109887037239968,0.0,0.25538411270723255,0.6653521921090773,0.016984564323502514,0.0037948327700387335,0.005220345449317906,0.0
18,BRNP,Bryan Park,North,3,richmondvagis,1572900161564,richmondvagis,1572900161564,f119d2f2-5fea-40c3-b35b-f080acfd09ed,15438689.125,17207.4695423933,0,7,23,30,7,0.0,1.0,0.7666666666666667,0.0,0.23333333333333334,1243.6995950468015,888.9071130621536,307.33593890480654,27.87029719670493,1.6950299420106332,0.0011973110273256727,0.0,0.7147281518803609,0.24711428718704473,0.02240918732120046,0.001362893377758837,9.627011475231821e-07,0.0
19,BYDP,Byrd Park,Near West,1,richmondvagis,1572900161564,richmondvagis,1572900161564,7801d99e-6b9d-4fbd-8676-4a2b258637d8,11599417.4257813,15002.1733947834,74,72,482,628,146,0.5068493150684932,0.4931506849315068,0.767515923566879,0.1178343949044586,0.11464968152866242,1622.7262449967989,737.0146384189361,803.482585493332,27.450777338471273,32.471147559505184,0.0,0.0,0.4541829779923169,0.49514364358784185,0.016916456132454693,0.020010243662244607,0.0,0.0
20,CAP,Capitol District,Downtown,2,richmondvagis,1572900161564,richmondvagis,1572900161564,fb71f402-b725-440e-a5c7-7f0ee985d485,4145811.31640625,10661.571145503,0,80,54,134,80,0.0,1.0,0.40298507462686567,0.0,0.5970149253731343,561.1351842850615,292.6031348902725,190.79595659063486,21.3791331060144,30.34859742152088,0.0,0.0,0.5214485619237655,0.3400178102068696,0.03809979075408256,0.054084288904798966,0.0,0.0
21,CARN,Carillon,Near West,1,richmondvagis,1572900161564,richmondvagis,1572900161564,6376abd2-0c19-49d9-a0a2-b76eb35ea996,19718305.4414063,20260.3116273583,13,76,370,459,89,0.14606741573033707,0.8539325842696629,0.8061002178649237,0.02832244008714597,0.1655773420479303,863.9089177599394,611.2598434274549,202.89617147609567,4.752588083459289,34.080910724599825,0.0,0.0,0.7075512601634124,0.23485829038805672,0.005501260590968832,0.03944965727749338,0.0,0.0
22,CRVR,Carver,Near West,1,richmondvagis,1572900161564,richmondvagis,1572900161564,0c350489-2b80-465f-b6a3-46c19c211ebf,6262403.91796875,10284.5149619752,22,205,561,788,227,0.09691629955947137,0.9030837004405287,0.7119289340101523,0.027918781725888325,0.26015228426395937,2311.552553346808,819.6372986823806,1099.6743723845816,134.65733849549065,89.3136496518291,0.04107934800524826,0.0,0.35458302580906464,0.47572977339079114,0.05825406750996228,0.03863794899342232,1.7771323410221e-05,0.0
23,CARY,Carytown,Near West,2,richmondvagis,1572900161564,richmondvagis,1572900161564,19bd03e5-60cd-4609-a7f1-9bb5c77b0689,6537313.67578125,13290.4865369186,75,103,778,956,178,0.42134831460674155,0.5786516853932584,0.8138075313807531,0.07845188284518828,0.10774058577405858,1828.17781737589,1590.1366786736678,70.97208375756608,49.76514432503046,35.07472460708895,0.3655104561775486,0.0,0.8697932244665898,0.03882121480909183,0.027221172826865283,0.019185619841637795,0.00019993156721603318,0.0
24,CDHT,Cedarhurst,Midlothian,1,richmondvagis,1572900161564,richmondvagis,1572900161564,3f561bf5-d7e5-405a-a981-7e6c0c0aea0e,13735083.1484375,16649.8004125642,0,186,673,859,186,0.0,1.0,0.7834691501746216,0.0,0.21653084982537835,1650.0033140752726,747.3143499063445,695.6564479173089,35.14047458642305,48.56203039552119,0.05478189818513445,0.0,0.45291687812467774,0.4216091216199662,0.021297214549000573,0.02943147445902997,3.320108372984475e-05,0.0
25,CENT,Central Office,Downtown,2,richmondvagis,1572900161564,richmondvagis,1572900161564,06322940-002a-43b7-b7e9-12dc6b736524,3604105.703125,8556.98725802621,0,68,45,113,68,0.0,1.0,0.39823008849557523,0.0,0.6017699115044248,350.61030696517156,231.09246259927798,56.7109400623328,13.854464184608991,27.154749801833624,0.0,0.0,0.6591148577449947,0.16174920969441517,0.039515279241306635,0.07744994731296101,0.0,0.0
26,CHIC,Chamberlayne Industrial Center,North,2,richmondvagis,1572900161564,richmondvagis,1572900161564,d81f49b0-343a-42fb-8ed3-cae8f3b2edc1,11684318.1835938,17480.9968587647,2,57,416,475,59,0.03389830508474576,0.9661016949152542,0.8757894736842106,0.004210526315789474,0.12,1551.6322169173127,328.70556429618813,990.3173214601039,36.03170515828587,33.48501235513641,6.113603276817531,0.0,0.21184502404135439,0.6382423042411464,0.023221807826258878,0.0215805085702992,0.003940111071529348,0.0
27,CHGD,Cherry Gardens,Broad Rock,1,richmondvagis,1572900161564,richmondvagis,1572900161564,49e53ae4-74e0-498f-9688-1457e22f3dca,2898611.4296875,9787.18961143575,0,33,65,98,33,0.0,1.0,0.6632653061224489,0.0,0.336734693877551,267.894884477418,43.068985042950615,180.206325409655,39.440796566759296,0.050136961843942486,0.0,0.0,0.16076822492137244,0.6726755001730739,0.1472248962263553,0.00018715162083719726,0.0,0.0
28,CHBZ,Chimborazo,East,1,richmondvagis,1572900161564,richmondvagis,1572900161564,c712c2bb-9761-4045-b8d4-290544b4e0d8,8465054.859375,12753.9489192804,17,92,581,690,109,0.1559633027522936,0.8440366972477065,0.8420289855072464,0.02463768115942029,0.13333333333333333,1626.9774123329044,900.9813917542435,577.8976511669384,46.42189697313226,23.40943274645535,6.117391449000653,0.0,0.5537762140547093,0.3551970954152938,0.028532600773214446,0.014388296093729313,0.00375997318870518,0.0
29,CHFT,Chippenham Forest,Huguenot,1,richmondvagis,1572900161564,richmondvagis,1572900161564,4fca3075-de5a-4894-b522-0306fe0f4a74,9158860.16796875,14149.8271080562,0,47,241,288,47,0.0,1.0,0.8368055555555556,0.0,0.16319444444444445,765.9221477251186,438.47860702499275,306.5775838563531,5.305820168067208,1.179334969012449,0.0,0.0,0.5724845642958978,0.40027251433703226,0.006927362244095089,0.0015397582802837292,0.0,0.0
30,CH,Church Hill,East,1,richmondvagis,1572900161564,richmondvagis,1572900161564,6309150a-6fac-42fd-9feb-a67fa910a11d,9474011.01953125,15177.052695942,72,208,1217,1497,280,0.2571428571428571,0.7428571428571429,0.8129592518370073,0.04809619238476954,0.13894455577822312,3516.6508953895923,2270.634457739407,847.7656096350095,97.59505993623854,160.32326732392718,4.778618126006713,0.0,0.6456809405551911,0.24107187061031538,0.02775227420617379,0.045589759146725244,0.001358854850298501,0.0
31,CHN,Church Hill North,East,1,richmondvagis,1572900161564,richmondvagis,1572900161564,a16ebe79-0a5e-4c96-820f-f915d8b817cd,10607409.6835938,14391.0482604475,23,397,916,1336,420,0.05476190476190476,0.9452380952380952,0.6856287425149701,0.01721556886227545,0.2971556886227545,2255.760648909354,645.3707717533057,1347.0629745141982,52.353717146713336,55.736316372135704,0.0,0.0,0.28609895826728704,0.5971657388231746,0.0232088972613411,0.024708435444639864,0.0,0.0
32,CC,City Center,Downtown,2,richmondvagis,1572900161564,richmondvagis,1572900161564,c3369b42-486b-4638-9dbb-26c5c14034f1,4823719.9375,10324.830538592,0,120,229,349,120,0.0,1.0,0.6561604584527221,0.0,0.3438395415472779,1098.6050639331893,505.3834830570164,382.6817428780456,56.82860762126106,73.5838355115294,7.109034823778192,0.0,0.4600228959874436,0.34833422440998146,0.05172796802684048,0.0669793340002339,0.006470964914658833,0.0
33,COFR,Cofer,Broad Rock,1,richmondvagis,1572900161564,richmondvagis,1572900161564,df42193c-d037-4751-9b67-48cf86d56849,4923142.9609375,10364.6564477594,0,29,281,310,29,0.0,1.0,0.9064516129032258,0.0,0.0935483870967742,397.7499650057117,77.9768844726625,288.5787578587537,21.925207545093038,0.12825423136549768,0.013346263697276354,0.0,0.19604498135290283,0.7255280534207205,0.05512309107249875,0.0003224493844107716,3.3554405710845756e-05,0.0
34,COLP,Colonial Place,Far West,1,richmondvagis,1572900161564,richmondvagis,1572900161564,96ed1c74-b015-497a-b0bd-e02efe401469,10309973.4101563,15377.2165942058,21,92,855,968,113,0.18584070796460178,0.8141592920353983,0.8832644628099173,0.02169421487603306,0.09504132231404959,1707.4654536634957,1568.9931384018214,30.07993134650641,40.176345236143625,30.329810519213336,0.0,0.0,0.9189018349012148,0.01761671445941565,0.023529814409973714,0.017763059541930082,0.0,0.0
35,CRIA,Commerce Road Industrial Area,Broad Rock,2,richmondvagis,1572900161564,richmondvagis,1572900161564,07abe1b5-fdb3-4ad0-b1ea-f71089a412df,75513725.1679688,52277.717611208,0,247,172,419,247,0.0,1.0,0.4105011933174224,0.0,0.5894988066825776,3200.2501750839606,273.88773795841536,1840.5154194828315,947.3266163354596,53.46384277454471,0.07346132352019626,0.0,0.08558322723979844,0.5751161061758381,0.2960164251254532,0.016706144785428235,2.2954868994974416e-05,0.0
36,CTLF,Cottrell Farms,Broad Rock,1,richmondvagis,1572900161564,richmondvagis,1572900161564,933f6b86-cd18-457f-8807-393e32c5e5cb,18539748.6640625,18962.8111440402,0,89,450,539,89,0.0,1.0,0.8348794063079777,0.0,0.16512059369202226,1611.972628149979,377.69543023870057,493.47828778566725,602.7974206574545,23.378814704806633,0.05187906547210837,0.0,0.23430635461358437,0.30613316824865694,0.37395015903543605,0.014503233055289479,3.2183589575989686e-05,0.0
37,CCOV,Country Club of Virginia,Far West,3,richmondvagis,1572900161564,richmondvagis,1572900161564,e00454f6-cc4b-4378-86cd-44378053170d,8135293.22265625,16926.6032117446,0,8,45,53,8,0.0,1.0,0.8490566037735849,0.0,0.1509433962264151,878.1044342088097,665.2461239619089,75.51656213108178,46.32716748493968,70.31032837751965,4.782664097858536,0.015419697643024775,0.7575934001077098,0.0859995225956509,0.05275815231098498,0.08007057661754176,0.005446577777696585,1.7560209289818973e-05
38,CRGT,Creighton,East,1,richmondvagis,1572900161564,richmondvagis,1572900161564,5c8de19f-bc66-4dc9-a654-6b866f2cf54c,3844199.3671875,12242.9113204107,0,13,458,471,13,0.0,1.0,0.9723991507430998,0.0,0.027600849256900213,1405.8414368073102,19.062007065518365,1357.302684827255,19.14570795261395,0.15994418148742562,0.0,0.0,0.013559144414471456,0.9654735230380693,0.013618682343077167,0.00011377113897756605,0.0,0.0
39,CLWD,Cullenwood,Broad Rock,1,richmondvagis,1572900161564,richmondvagis,1572900161564,49320b8a-b6bb-4962-aea1-67350ae91ba1,4438869.5078125,9206.43344959818,0,78,128,206,78,0.0,1.0,0.6213592233009708,0.0,0.3786407766990291,506.34990267552433,56.73917540090433,305.10400427019243,136.882260664271,0.0004150696770897349,0.0,0.0,0.1120552706756686,0.6025556688330344,0.27033136560507437,8.19728955997681e-07,0.0,0.0
40,DVGD,Davee Gardens,Broad Rock,1,richmondvagis,1572900161564,richmondvagis,1572900161564,e1fd267d-d70f-4299-8f8d-e4a7b7b2c78b,3950930.734375,8490.20192716904,0,4,280,284,4,0.0,1.0,0.9859154929577465,0.0,0.014084507042253521,158.4572879686611,7.856247098475223,103.0500715899411,40.200094802139304,2.526863101848756,0.0,0.0,0.04957958828645984,0.6503334299797043,0.25369672368802554,0.015946651203247317,0.0,0.0
41,DRBN,Deerbourne,Broad Rock,1,richmondvagis,1572900161564,richmondvagis,1572900161564,50fd9f24-5536-4617-bc0b-f225f7689e18,8289832.40625,13915.9713152221,0,23,322,345,23,0.0,1.0,0.9333333333333333,0.0,0.06666666666666667,944.3090315085512,106.0985283916525,569.3437651454484,254.6147037618048,0.0037096978894669945,0.0,0.0,0.1123557276818142,0.6029210207127969,0.2696306984960772,3.9284786713738015e-06,0.0,0.0
42,EVW,Eastview,East,1,richmondvagis,1572900161564,richmondvagis,1572900161564,b01f0cf8-0dae-41f9-adc7-472e1099e14d,2294722.2265625,8620.43122792249,0,22,190,212,22,0.0,1.0,0.8962264150943396,0.0,0.10377358490566038,835.8987650312023,10.002286666695353,808.6975770106849,11.007305781635225,0.47067818499477676,0.025487701740189786,0.0,0.011965906740300052,0.9674587531906426,0.013168228309590033,0.0005630803689214774,3.0491373843863e-05,0.0
43,EGWD,Edgewood,North,1,richmondvagis,1572900161564,richmondvagis,1572900161564,fc71ce39-2da4-4895-991f-e18b4552178d,4302328.29296875,10348.5442704159,8,16,364,388,24,0.3333333333333333,0.6666666666666666,0.9381443298969072,0.020618556701030927,0.041237113402061855,709.8953664129083,137.30990690930142,534.4095489958464,4.16065868034725,15.055020369496187,0.06778609950863981,0.0,0.1934227400343892,0.752800446770361,0.005860946383367738,0.021207379399543064,9.54874516946942e-05,0.0
44,ELKH,Elkhardt,Midlothian,1,richmondvagis,1572900161564,richmondvagis,1572900161564,a8e3ece9-fd62-4988-826d-ca77e17bbc51,6522418.34375,12273.0353183488,0,10,226,236,10,0.0,1.0,0.9576271186440678,0.0,0.0423728813559322,939.4092762881495,103.68185960077368,600.3910201938592,203.70194422010903,5.211058156922571,0.0,0.0,0.11036920990438553,0.6391154902857255,0.21684046491960182,0.005547164892295739,0.0,0.0
45,FRFD,Fairfield,East,1,richmondvagis,1572900161564,richmondvagis,1572900161564,46cd8e9b-bb5b-4fdc-a1d0-762c872085c7,2408952.765625,7521.31917666746,0,9,443,452,9,0.0,1.0,0.9800884955752213,0.0,0.01991150442477876,936.2688335860006,9.588636108064765,909.7338836830867,11.817609414061435,0.0009110713860546912,8.885951575227652e-05,0.0,0.010241327879450347,0.9716588345664754,0.012622025843580463,9.73087379791549e-07,9.490812100616011e-08,0.0
46,FRMT,Fairmount,East,1,richmondvagis,1572900161564,richmondvagis,1572900161564,020e8b4f-67e8-4177-8881-7f2165ab2775,4856835.66796875,9801.67453982977,28,71,454,553,99,0.2828282828282828,0.7171717171717171,0.8209764918625678,0.05063291139240506,0.12839059674502712,1059.9052393100126,131.26462864127507,862.7302717050062,19.797167261697805,11.501569952341658,1.5750976703297803,0.0,0.1238456267342607,0.8139692490496931,0.018678242664962725,0.010851507781798551,0.00148607404880379,0.0
47,FWNB,Fawnbrook,Broad Rock,1,richmondvagis,1572900161564,richmondvagis,1572900161564,93476db9-d163-4345-82e5-5283b320dcd1,7810974.03125,13438.8696632454,0,133,105,238,133,0.0,1.0,0.4411764705882353,0.0,0.5588235294117647,575.2995850982602,107.77009695403085,408.95947392982964,46.946912820870565,0.0,0.0597443113967552,0.0,0.18732865405356394,0.7108634953386592,0.08160428763885187,0.0,0.00010384904307996497,0.0
48,FRHL,Forest Hill,Old South,1,richmondvagis,1572900161564,richmondvagis,1572900161564,506c9181-71da-497c-94e3-c3d9ba790d32,15762121.7617188,19303.8922045231,16,69,542,627,85,0.18823529411764706,0.8117647058823529,0.8644338118022329,0.025518341307814992,0.11004784688995216,2141.9848757265568,1253.3827920970116,834.206514808322,20.232504346360233,4.182038708782088,0.0,0.0,0.5851501596956266,0.38945490430942514,0.009445680301312777,0.0019524128093404715,0.0,0.0
49,FTHP,Forest Hill Park,Old South,3,richmondvagis,1572900161564,richmondvagis,1572900161564,ba322029-19db-492f-b973-139d901ce632,4848049.79296875,13731.4877357609,0,0,10,10,0,0.0,0.0,1.0,0.0,0.0,619.4674995691644,351.2225155792606,233.35386208806202,11.476807164313316,10.76518808313718,0.0,0.0,0.5669748870175328,0.3767007345023881,0.018526891519402327,0.01737813217097636,0.0,0.0
50,FRHT,Forest Hill Terrace,Old South,1,richmondvagis,1572900161564,richmondvagis,1572900161564,12c8c434-953c-4d43-8cee-e1cf4f2cbaf9,6677579.625,11721.7820975534,24,53,348,425,77,0.3116883116883117,0.6883116883116883,0.8188235294117647,0.05647058823529412,0.12470588235294118,879.6242765011657,615.1992461071286,238.79061736854916,11.35219503961337,1.3596858341505969,0.0,0.0,0.6993886623436243,0.27146888023415383,0.012905731848111774,0.0015457575131497577,0.0,0.0
51,FRVW,Forest View,Old South,1,richmondvagis,1572900161564,richmondvagis,1572900161564,d3ab613d-722c-4de4-b1a8-1700fdf69b51,5407884.21484375,10844.7235979961,0,35,339,374,35,0.0,1.0,0.9064171122994652,0.0,0.09358288770053476,670.8670776539625,575.4236213924356,68.27455050484234,13.518485004383294,2.2317302090545836,0.019544035312994357,0.0,0.8577311967740393,0.10177060818605081,0.02015076526285616,0.0033266354593804114,2.9132500258233413e-05,0.0
52,FLTN,Fulton,East,1,richmondvagis,1572900161564,richmondvagis,1572900161564,9ede43c6-9088-4ed9-99b8-d0fe235bd8ce,30322996.4414063,27028.9631308888,14,312,1478,1804,326,0.04294478527607362,0.9570552147239264,0.8192904656319291,0.007760532150776054,0.1729490022172949,5778.263468144757,936.8820279800455,4482.064151626467,79.27541396751286,7.8124393819788605,13.68121232305275,0.0,0.16213902899115343,0.7756766676244231,0.013719591431673854,0.0013520393151071081,0.002367703099465178,0.0
53,GMBH,Gambles Hill,Downtown,2,richmondvagis,1572900161564,richmondvagis,1572900161564,aa4874aa-0ca6-4cfa-8fad-5d259036543d,4900941.10546875,9447.23912942551,0,30,13,43,30,0.0,1.0,0.3023255813953488,0.0,0.6976744186046512,504.63805822477383,339.00746444908077,79.60799156431503,20.0313248969993,36.83149222443011,0.0,0.0,0.6717833879625493,0.15775265116618764,0.03969443955033021,0.07298595820140219,0.0,0.0
54,GLPN,Gilpin,North,1,richmondvagis,1572900161564,richmondvagis,1572900161564,683c3f9a-8782-494c-ab19-392a43db360e,7053812.5234375,11212.9815816083,0,17,341,358,17,0.0,1.0,0.952513966480447,0.0,0.04748603351955307,2486.1375110323916,34.14736163723571,2395.2422517359496,0.9089028367405088,1.0720047959189258,0.12606709960025747,0.0,0.0137351057556972,0.9634391666216818,0.00036558832031904724,0.0004311928809898234,5.070801556262547e-05,0.0
55,GNP,Ginter Park,North,1,richmondvagis,1572900161564,richmondvagis,1572900161564,727f0002-43a9-47fb-a82e-a51a39130469,23755522.84375,28102.4288702757,35,134,928,1097,169,0.20710059171597633,0.7928994082840237,0.845943482224248,0.03190519598906107,0.12215132178669097,3828.004613550059,2057.5971890772385,1429.06322067382,66.87279882303166,59.1883107674263,0.13998406244893108,4.022419857988236e-05,0.5375116795298323,0.37331805077123953,0.017469362128332024,0.015461922526925997,3.656841529224571e-05,1.0507876202003525e-08
56,GNPT,Ginter Park Terrace,North,1,richmondvagis,1572900161564,richmondvagis,1572900161564,f11af695-4e89-4f63-bf6d-4d443fff3fae,1738649.984375,6180.61617420938,16,11,131,158,27,0.5925925925925926,0.4074074074074074,0.8291139240506329,0.10126582278481013,0.06962025316455696,404.0335863203897,160.1017556286225,194.5413449835998,6.816046597126534,4.7216629108313475,4.697283619498231,0.0,0.39625853159065183,0.4814979535620408,0.01686999998985619,0.01168631289748069,0.011625973133266672,0.0
57,GRVH,Gravel Hill,Huguenot,1,richmondvagis,1572900161564,richmondvagis,1572900161564,0486145c-7552-4081-95f8-ab38c1335914,14680024.3789063,17525.090675161,0,96,186,282,96,0.0,1.0,0.6595744680851063,0.0,0.3404255319148936,706.7224532042596,515.899720214121,126.32522907431493,8.98267716819216,49.227984530161734,0.0,0.0,0.7299891461988313,0.1787480056726087,0.01271033222089514,0.069656743332497,0.0,0.0
58,GRPK,Green Park,North,1,richmondvagis,1572900161564,richmondvagis,1572900161564,ae4f9cba-30f5-4a54-8cd5-78a9c6adbf62,3851134.1953125,8528.09594069715,3,13,276,292,16,0.1875,0.8125,0.9452054794520548,0.010273972602739725,0.04452054794520548,1033.6436281021483,86.91334798104448,897.4747234734988,22.238997004118463,16.700082920713008,1.1262030818307154,0.0,0.08408444227593632,0.8682631993014203,0.021515149321774493,0.016156519003919838,0.0010895467753218907,0.0
59,HKHL,Hickory Hill,Broad Rock,1,richmondvagis,1572900161564,richmondvagis,1572900161564,c7ac6c11-eb83-417c-b71a-70080f156039,11840924.2695313,16074.9919610423,0,61,393,454,61,0.0,1.0,0.8656387665198237,0.0,0.1343612334801762,1294.9705119473806,160.1270581155796,773.6248552823224,336.8213495555436,0.8840162361079901,0.0,0.0,0.1236530535933054,0.5974073140236552,0.26009962887033666,0.0006826535646580892,0.0,0.0
60,HPST,Highland Park Southern Tip,North,1,richmondvagis,1572900161564,richmondvagis,1572900161564,92dd6019-41bc-4919-85b8-67bffb5cda77,13765967.4921875,19033.7083411283,67,109,684,860,176,0.3806818181818182,0.6193181818181818,0.7953488372093023,0.07790697674418605,0.12674418604651164,2371.4155967420256,346.4851718248279,1887.44413970954,29.881974923617033,16.297029419789123,0.004120747028026268,0.0,0.14610900438575478,0.7959145340456599,0.012600901741841645,0.006872278921576982,1.737673916662927e-06,0.0
61,HGTR,Highland Terrace,North,1,richmondvagis,1572900161564,richmondvagis,1572900161564,43df16f4-9227-4a1a-8578-6ffaab1040f0,3143215.2578125,7460.54185403312,18,32,369,419,50,0.36,0.64,0.8806682577565632,0.04295942720763723,0.07637231503579953,973.7377524487903,59.50684845971559,872.9042822963573,24.684426326370698,14.989866617965081,1.5817990150040635,0.0,0.06111178118550468,0.8964469952008605,0.02535017900280997,0.015394151639153388,0.0016244610122449286,0.0
62,HSCT,Hillside Court,Old South,1,richmondvagis,1572900161564,richmondvagis,1572900161564,12c34bde-480e-4e28-9082-9ad0aaaafc96,4313427.0546875,9535.82569913621,0,13,257,270,13,0.0,1.0,0.9518518518518518,0.0,0.04814814814814815,305.05458844177645,31.786242174878286,231.62992462509186,15.556072842517922,0.0,0.8296572182676225,0.0,0.10419853816080231,0.7593064762876084,0.05099439061703213,0.0,0.00271970083290838,0.0
63,HOKS,Hioaks,Midlothian,1,richmondvagis,1572900161564,richmondvagis,1572900161564,7299354d-d6eb-498c-8c1f-67d684a4bbb0,8712872.11328125,15589.2518251208,0,92,94,186,92,0.0,1.0,0.5053763440860215,0.0,0.4946236559139785,1275.0518673278211,76.06583890143344,1090.178364841992,69.1403293053888,9.33042271967781,0.01367097088381479,0.0,0.05965705462699942,0.8550070728704738,0.054225503351709954,0.007317680918527622,1.0721893935550722e-05,0.0
64,HOLL,Hollywood Cemetery,Near West,3,richmondvagis,1572900161564,richmondvagis,1572900161564,4c8e2385-eb08-4286-8adc-b69c1f93597b,18706909.34375,19110.8235086907,0,18,26,44,18,0.0,1.0,0.5909090909090909,0.0,0.4090909090909091,1788.2424247966026,564.403521805312,1075.8992095822466,56.09170763613936,27.42550889731034,0.0,0.0,0.3156191319359332,0.6016517641362977,0.031366948271859346,0.015336572109583946,0.0,0.0
65,HGNT,Huguenot,Huguenot,1,richmondvagis,1572900161564,richmondvagis,1572900161564,61f7cd69-83d6-42b9-aa79-2ff5c9ae5aa1,68136402.3007813,43216.2648634005,2,505,1224,1731,507,0.0039447731755424065,0.9960552268244576,0.707105719237435,0.0011554015020219526,0.29173887926054304,3292.856469549991,2878.011491257758,300.3539514566723,13.69522662726242,74.82063509515132,0.0,0.013828532579684218,0.8740166836518912,0.09121380000438323,0.00415907184352133,0.0227221064103582,0.0,4.199555221298199e-06
66,JKWD,Jackson Ward,Downtown,1,richmondvagis,1572900161564,richmondvagis,1572900161564,9697e940-ec17-451f-be30-7aa50a4998e2,5344403.17578125,9494.59115943744,14,102,692,808,116,0.1206896551724138,0.8793103448275862,0.8564356435643564,0.017326732673267328,0.12623762376237624,1210.624755533404,451.4640769795724,642.3479968945352,42.77885548844671,37.04356547756173,0.0004034174596004568,0.0,0.37291825969695813,0.5305921541407067,0.03533618100316993,0.030598717982799097,3.332308031506511e-07,0.0
67,JHNK,Jahnke,Midlothian,1,richmondvagis,1572900161564,richmondvagis,1572900161564,ef19790d-71c5-4169-ab14-0e6aad9a2ef2,16470409.5039063,24970.7689813824,0,338,619,957,338,0.0,1.0,0.6468129571577848,0.0,0.35318704284221525,2313.7512422021873,701.8881221252524,1399.2885567948244,78.78831166427412,43.50409724899435,1.6438347870938874,0.0,0.3033550492909548,0.604770526438705,0.03405219637582336,0.018802409029757203,0.0007104630597753088,0.0
68,JFDV,Jeff Davis,Broad Rock,1,richmondvagis,1572900161564,richmondvagis,1572900161564,99c2c15c-56bc-418d-9cd9-4e94aa3a6c0d,26429283.9804688,32077.6013011328,1,116,1407,1524,117,0.008547008547008548,0.9914529914529915,0.9232283464566929,0.0006561679790026247,0.07611548556430446,1192.7155122621598,145.85604698152352,589.1367388205514,410.8996726365472,21.18624879370702,0.0,0.0,0.12228905005594012,0.493945733717479,0.34450769560061795,0.01776303617744033,0.0,0.0
69,JMRL,John Marshall,North,1,richmondvagis,1572900161564,richmondvagis,1572900161564,37796f08-6f9a-4d34-a7c5-de247b4bd308,5322604.65234375,13695.7253216623,3,27,217,247,30,0.1,0.9,0.8785425101214575,0.012145748987854251,0.10931174089068826,837.0298949268577,274.765628589542,525.3166854694739,10.167222955927883,5.2093669219499645,2.1080907875191253,1.4177456112331763e-06,0.3282626227030421,0.6275960854604575,0.012146785936261366,0.006223633054832737,0.0025185370323043683,1.6937813330515076e-09
70,LBNP,Laburnum Park,North,1,richmondvagis,1572900161564,richmondvagis,1572900161564,7be55c58-8dcf-49d6-8669-854836a48fa3,7342471.3828125,11130.0130930593,20,37,196,253,57,0.3508771929824561,0.6491228070175439,0.7747035573122529,0.07905138339920949,0.14624505928853754,945.0439760360475,579.6842546756399,282.1975359905016,16.779239580250927,12.538751384205161,0.0,0.0,0.6133939471336607,0.2986078353455771,0.0177549828428417,0.013267902554967332,0.0,0.0
71,MGIC,Magnolia Industrial Center,North,2,richmondvagis,1572900161564,richmondvagis,1572900161564,0cafdbf0-d93e-4f21-b1f1-f62fe38d0ed4,5044563.69921875,15425.6895925847,0,22,40,62,22,0.0,1.0,0.6451612903225806,0.0,0.3548387096774194,770.9777671005827,118.15974819038665,608.335865431198,9.242823633717041,0.3909199668021304,0.0,0.0,0.1532596051825855,0.7890446279909831,0.011988443802311632,0.000507044409688056,0.0,0.0
72,MVGD,Malvern Gardens,Far West,1,richmondvagis,1572900161564,richmondvagis,1572900161564,cba91ee2-cf46-4b2d-a50f-a267a8aac638,6474632.25390625,11355.2270726735,11,32,592,635,43,0.2558139534883721,0.7441860465116279,0.9322834645669291,0.01732283464566929,0.050393700787401574,1115.070773050835,981.5243673862811,83.22326444534991,7.771563390137077,22.546766606447257,0.0,0.0,0.8802350407775726,0.07463496170530141,0.006969569625499258,0.020220031904126835,0.0,0.0
73,MNCH,Manchester,Old South,1,richmondvagis,1572900161564,richmondvagis,1572900161564,a66ceda0-2cb4-4ff0-b6be-7ea9f7ab09e5,8805890.89453125,13588.7449076348,0,183,333,516,183,0.0,1.0,0.6453488372093024,0.0,0.3546511627906977,1221.3400194066671,570.4582929723713,451.2166983329222,30.527437151477184,12.999925875007403,0.0,0.0,0.4670757396859088,0.3694439641404082,0.024995035507235374,0.010643985842143149,0.0,0.0
74,MRMF,Mary Munford,Far West,1,richmondvagis,1572900161564,richmondvagis,1572900161564,97116979-b071-4963-8347-5bfce19cbd0d,7834434.7265625,14514.1254600852,2,37,433,472,39,0.05128205128205128,0.9487179487179487,0.9173728813559322,0.00423728813559322,0.07838983050847458,1445.4483719027583,1379.441755776457,1.9300867658901386,22.494199821843335,35.503923710900764,0.0,0.0,0.9543348504108718,0.0013352858555227486,0.015562091499838514,0.024562567851637716,0.0,0.0
75,MRY,Maury,Old South,2,richmondvagis,1572900161564,richmondvagis,1572900161564,c75be7c5-1fee-4316-97de-c63bf9928695,16610430.3085938,18723.4363678366,0,36,155,191,36,0.0,1.0,0.8115183246073299,0.0,0.18848167539267016,1175.5825448572718,122.65940400495572,892.5333958386746,59.94454545931498,0.0034545929836570935,3.193444542483053,0.0,0.10433925251913967,0.7592264786026043,0.050991353794380204,2.938622216508427e-06,0.0027164783591362113,0.0
76,MAY,Maymont,Near West,1,richmondvagis,1572900161564,richmondvagis,1572900161564,5cd7780a-c2bb-4f95-9894-92a1ac763c51,6341044.66015625,10809.7597582997,4,18,408,430,22,0.18181818181818182,0.8181818181818182,0.9488372093023256,0.009302325581395349,0.04186046511627907,570.5128230351467,178.36340505223416,347.6286384562278,19.136479319496683,9.37291560495306,0.0,0.0,0.31263697825990144,0.6093265995439545,0.03354259281621401,0.016428930650653647,0.0,0.0
77,MAYP,Maymont Park,Near West,3,richmondvagis,1572900161564,richmondvagis,1572900161564,ae493c6e-db5e-4301-bb95-75d88eff2041,8266490.22265625,12098.7684025351,0,4,20,24,4,0.0,1.0,0.8333333333333334,0.0,0.16666666666666666,529.6713132821512,245.26139736368714,252.21334639229892,9.10122971238273,12.855013149921682,0.0,0.0,0.4630445168795437,0.47616954150195234,0.017182787672577967,0.02426979303497588,0.0,0.0
78,MCG,McGuire,Broad Rock,1,richmondvagis,1572900161564,richmondvagis,1572900161564,1fae21ec-28e4-4aee-99f5-99a87399df5e,9529869.87890625,17993.9701666743,1,75,511,587,76,0.013157894736842105,0.9868421052631579,0.8705281090289608,0.0017035775127768314,0.12776831345826234,1014.315415552699,118.9411391967189,661.8579415763096,181.30637556513938,13.905073956639736,0.0041228847985073005,0.0,0.11726247809406311,0.6525168911247041,0.17874753038860774,0.013708826409843018,4.064696972253691e-06,0.0
79,MCGM,McGuire Manor,Broad Rock,1,richmondvagis,1572900161564,richmondvagis,1572900161564,efd5d382-6a59-4590-a07c-c4c732e575f9,8182112.10546875,12153.9036739762,0,55,387,442,55,0.0,1.0,0.8755656108597285,0.0,0.1244343891402715,985.6997743737963,86.74334894660923,615.3499537946391,223.3207262759115,18.009735618851778,0.021615703626089076,0.0,0.08800179446294007,0.6242772594581995,0.22656059388649508,0.018271015259482184,2.1929297528571804e-05,0.0
80,MCGV,McGuire Veterans Hospital,Broad Rock,2,richmondvagis,1572900161564,richmondvagis,1572900161564,25d53bb6-e0f1-49bd-92c9-75ee3396c0c3,7761507.671875,12321.0350965151,0,148,25,173,148,0.0,1.0,0.14450867052023122,0.0,0.8554913294797688,628.6631175012251,123.80765754690202,455.7026866052151,34.9329302767364,0.23204178517638724,0.0,0.0,0.1969380008151357,0.7248758101421896,0.05556701085882985,0.0003691035448344638,0.0,0.0
81,MDLT,Midlothian,Midlothian,2,richmondvagis,1572900161564,richmondvagis,1572900161564,e166bdaf-9e11-4948-8d71-84e2bc987e58,38079641.078125,36926.1821589602,0,317,841,1158,317,0.0,1.0,0.7262521588946459,0.0,0.27374784110535405,5900.298811708339,520.620171968649,3229.192829776568,1917.1437621046825,69.58047127260613,13.366197324148605,0.0,0.08823623829619429,0.5472931003712346,0.3249231646201328,0.011792702961845453,0.002265342442932756,0.0
82,MNWD,Monroe Ward,Downtown,2,richmondvagis,1572900161564,richmondvagis,1572900161564,aa0cba07-1513-481c-a38c-ea8225f7b259,5816219.76171875,10208.3773482293,4,125,365,494,129,0.031007751937984496,0.9689922480620154,0.7388663967611336,0.008097165991902834,0.25303643724696356,2258.6123691795888,1092.2097407480605,509.9176655877422,161.17083908207513,227.5275791339899,32.89096517622105,0.11924334377561852,0.4835755597782329,0.22576590500695923,0.07135834430084978,0.10073777255396697,0.014562465709053148,5.2794957383028984e-05
83,MNPK,Monument Avenue Park,Far West,1,richmondvagis,1572900161564,richmondvagis,1572900161564,9db21d76-72b3-4d3c-ac91-fca1fae5410c,4645813.28125,8678.60408596182,2,40,321,363,42,0.047619047619047616,0.9523809523809523,0.8842975206611571,0.005509641873278237,0.11019283746556474,774.7752735681707,719.6136576838153,0.25642100065588513,22.99425525417605,13.7447960074891,0.00019449820638717195,0.0,0.9288030764968626,0.000330961776148272,0.029678612674714944,0.017740364821128646,2.5103822104624573e-07,0.0
84,MSBY,Mosby,East,1,richmondvagis,1572900161564,richmondvagis,1572900161564,e133fbc2-e8f9-4ff2-95f1-ff1cb5da7cc4,4891350.84765625,9859.77961042522,4,18,244,266,22,0.18181818181818182,0.8181818181818182,0.9172932330827067,0.015037593984962405,0.06766917293233082,1140.3396064805959,68.03707862794218,1018.8805365656289,26.125779978341097,0.010431301904805589,3.5751257073606184,0.0,0.05966387402602236,0.8934886859802902,0.02291052580289875,9.147539772822131e-06,0.0031351412220035463,0.0
85,MUSM,Museums,Near West,2,richmondvagis,1572900161564,richmondvagis,1572900161564,abe58b6d-fcae-4919-bd81-6b18886d2d5f,6615218.15234375,11455.8756244088,0,66,72,138,66,0.0,1.0,0.5217391304347826,0.0,0.4782608695652174,376.55954752189956,267.2302714182305,64.7050817756409,12.185837681884626,23.341886263891677,0.0,0.0,0.7096627164995443,0.1718322698268004,0.03236098450319052,0.06198723792160438,0.0,0.0
86,NTW,Newtowne West,Near West,1,richmondvagis,1572900161564,richmondvagis,1572900161564,a4333653-338e-4e44-a728-081e85caf182,4606310.2265625,8996.05778019356,14,52,127,193,66,0.21212121212121213,0.7878787878787878,0.6580310880829016,0.07253886010362694,0.2694300518134715,262.40659492159483,186.05386139954385,45.24387662262177,8.489574465227372,16.252508426357966,0.0013026002594695594,0.0,0.7090289078105502,0.17241897687876445,0.03235274809981051,0.061936356558470254,4.964053056131333e-06,0.0
87,NHP,North Highland Park,North,1,richmondvagis,1572900161564,richmondvagis,1572900161564,a38dda24-d27e-4a7a-ac61-e93fee15267f,12713501.1875,15760.034028306,41,101,1130,1272,142,0.2887323943661972,0.7112676056338029,0.8883647798742138,0.03223270440251572,0.07940251572327044,3181.580263447366,265.010890036568,2770.158953234279,70.66675324130034,37.581095867498114,3.9552123703115947,0.0,0.08329536522502134,0.8706864903143144,0.022211211847514466,0.01181208479926184,0.0012431597014076169,0.0
88,NBHG,Northern Barton Heights,North,1,richmondvagis,1572900161564,richmondvagis,1572900161564,78674092-2267-4fce-90d5-c0e4054d7a46,13955413.2382813,15851.0653587266,87,107,1080,1274,194,0.4484536082474227,0.5515463917525774,0.847723704866562,0.06828885400313972,0.08398744113029827,2752.52361050793,644.1346298411833,1845.934012435774,48.49816941366388,33.42396470029605,12.40184487689972,0.0,0.2340160234710283,0.6706333073361501,0.01761952894010395,0.012143025612095746,0.004505627065124858,0.0
89,NTHP,Northrop,Old South,1,richmondvagis,1572900161564,richmondvagis,1572900161564,79f2eddb-5ed2-4982-9495-6f0f46134b2c,7845438.9921875,13482.3341658868,2,92,207,301,94,0.02127659574468085,0.9787234042553191,0.6877076411960132,0.006644518272425249,0.30564784053156147,1103.2480575513498,596.7831527564493,483.27373152135254,8.358465545171187,0.3574430091700883,0.05850640484010402,0.0,0.5409328832910023,0.43804630174828924,0.007576234091653635,0.00032399151462222394,5.3031051756355245e-05,0.0
90,OKGR,Oak Grove,Old South,1,richmondvagis,1572900161564,richmondvagis,1572900161564,42815c05-2ae2-485b-80a7-ade042fb0b05,14871322.3671875,15978.3719623373,19,86,837,942,105,0.18095238095238095,0.819047619047619,0.8885350318471338,0.020169851380042462,0.09129511677282377,1869.7302433439925,243.61906244195816,1466.9375761597908,55.09160431592825,6.426417071211093,1.0064023498129704,0.0,0.1302963693876225,0.7845717751969336,0.029465001441810936,0.003437082485074165,0.0005382607215108371,0.0
91,OKW,Oakwood,East,1,richmondvagis,1572900161564,richmondvagis,1572900161564,16ce93d4-2f23-4635-86dc-7e400b32a563,4126307.28125,9988.36105825358,12,38,461,511,50,0.24,0.76,0.9021526418786693,0.023483365949119372,0.07436399217221135,452.493417091576,65.06076284007233,308.41035432128706,28.62115103479577,1.2565383381129849,0.0,0.0,0.1437827830916384,0.681579759333539,0.06325208269052762,0.002776920703486578,0.0,0.0
92,OKWC,Oakwood Cemetery,East,3,richmondvagis,1572900161564,richmondvagis,1572900161564,4b1d09c5-b789-43d3-9141-dcf2c6a1a52c,17688158.046875,27138.4318607655,0,0,14,14,0,0.0,0.0,1.0,0.0,0.0,1954.2864161379302,280.91960879314416,1335.6515720639125,122.37607252308543,5.390165956780026,8.918180450410127e-09,0.0,0.1437453622321639,0.6834471963958247,0.06261931286659894,0.0027581248645385855,4.5633947904290695e-12,0.0
93,OTMN,Old Town Manchester,Old South,2,richmondvagis,1572900161564,richmondvagis,1572900161564,afc0afbb-eb6d-4a10-8665-803bc9a7425a,15876859.2421875,18613.5437903784,0,165,222,387,165,0.0,1.0,0.5736434108527132,0.0,0.4263565891472868,2164.2507976527722,1073.276648752658,727.3415716896286,76.03250423449869,27.748500939129826,0.030092216980862493,0.0,0.4959114026510583,0.33607083452549186,0.035131096782757054,0.012821296390059937,1.3904218962746305e-05,0.0
94,ORGH,Oregon Hill,Near West,1,richmondvagis,1572900161564,richmondvagis,1572900161564,f0c90bc4-349c-4ed1-b8cf-c7c7fc179d88,4512427.4375,10787.7883870798,11,167,433,611,178,0.06179775280898876,0.9382022471910112,0.7086743044189853,0.01800327332242226,0.2733224222585925,1321.0978895848211,1038.0175633999784,193.32727448778564,53.84191052003944,25.01736388130344,0.0,0.0,0.7857234286599263,0.1463383417776424,0.04075542845425348,0.01893679800606267,0.0,0.0
95,OXFD,Oxford,Huguenot,1,richmondvagis,1572900161564,richmondvagis,1572900161564,38344f54-870e-4f57-a0f3-dd9224eb2df8,20354436.15625,19291.1155959696,1,140,457,598,141,0.0070921985815602835,0.9929078014184397,0.7642140468227425,0.0016722408026755853,0.23411371237458195,1700.6091625967556,973.9008007848313,680.3029730491434,11.781980511856458,2.7273215773730635,0.0,0.0,0.5726776158830801,0.40003487456832854,0.00692809422117066,0.0016037321433741796,0.0,0.0
96,PNLI,Parnell Industrial Area,Broad Rock,2,richmondvagis,1572900161564,richmondvagis,1572900161564,2c07243b-7553-4a22-9aa7-2858266f8262,15772024.3125,26078.0805788301,0,34,77,111,34,0.0,1.0,0.6936936936936937,0.0,0.3063063063063063,1639.9141083677853,193.6371816673881,954.3302149243914,465.0002115763948,2.53943973477324,0.0,0.0,0.1180776363099383,0.5819391455045417,0.2835515648067763,0.0015485199632197548,0.0,0.0
97,PTPL,Peter Paul,East,1,richmondvagis,1572900161564,richmondvagis,1572900161564,f1f7cdb4-4a88-49e3-b4b6-d1acd496c6f6,3258881.00390625,6901.69111746497,10,19,295,324,29,0.3448275862068966,0.6551724137931034,0.9104938271604939,0.030864197530864196,0.05864197530864197,869.7254318689854,83.4848804852541,745.6225699537434,12.057388988572546,8.795428206596323,0.010997453491767431,0.0,0.09598992673567142,0.8573079993204835,0.013863443043929361,0.010112879173482945,1.2644741764230803e-05,0.0
98,PINE,Pine Camp,North,3,richmondvagis,1572900161564,richmondvagis,1572900161564,75bf8a72-0709-4c8a-8e21-4707a071b86b,4896966.80859375,13913.9401944919,0,0,16,16,0,0.0,0.0,1.0,0.0,0.0,695.4147513675189,94.23982440231913,588.7434168356632,6.893368792984298,0.394577139508408,2.8400900807951794,0.0,0.13551599849873538,0.8466076045667874,0.009912600760091197,0.00056739828819058,0.004084023347520599,0.0
99,PNKN,Piney Knolls,Broad Rock,1,richmondvagis,1572900161564,richmondvagis,1572900161564,e0309ee3-738a-425f-834c-2089e645ebb1,22120879.5664063,20264.5259120452,0,209,598,807,209,0.0,1.0,0.7410161090458488,0.0,0.2589838909541512,2689.8751455683405,491.67638953340884,1716.232610307924,374.5188286932264,0.12405455620733558,21.813489074771976,0.0,0.18278781092998395,0.6380343017539215,0.13923279276001294,4.611907597708377e-05,0.008109480141005961,0.0
100,PCSH,Pocoshock,Midlothian,1,richmondvagis,1572900161564,richmondvagis,1572900161564,0cb455ba-5a53-4db0-930a-679723de2243,4893509.796875,9745.51569025047,0,9,168,177,9,0.0,1.0,0.9491525423728814,0.0,0.05084745762711865,705.2964960638121,77.78784633663336,450.8091017424196,152.97275315621079,3.904409275583914,0.0,0.0,0.11029098651525905,0.6391767210787793,0.21689141234918383,0.0055358410220014195,0.0,0.0
101,PWHP,Powhite Park,Midlothian,3,richmondvagis,1572900161564,richmondvagis,1572900161564,3be24b3f-4013-46de-95ce-541157c56285,5004216.08203125,17299.2331071931,0,3,52,55,3,0.0,1.0,0.9454545454545454,0.0,0.05454545454545454,599.2174812056837,271.2526503834326,252.56672071912917,12.76725174297116,17.668077616593948,0.006093121316245256,0.0,0.45267813254988143,0.4214942464811614,0.021306540852717132,0.029485250632281388,1.0168463883906231e-05,0.0
102,PRPK,Providence Park,North,1,richmondvagis,1572900161564,richmondvagis,1572900161564,dfffb41c-cd3e-4bf1-9a8e-6c0240613f49,5646448.21875,10141.0109886082,49,50,507,606,99,0.494949494949495,0.5050505050505051,0.8366336633663366,0.08085808580858085,0.08250825082508251,1542.1099213136717,189.6498321492731,1274.642331555882,32.97806581173377,12.407716282458004,2.944381532964825,0.0,0.12298074834232099,0.8265573769670432,0.02138502927446369,0.008045935060120933,0.0019093201413661908,0.0
103,RDPH,Randolph,Near West,1,richmondvagis,1572900161564,richmondvagis,1572900161564,871adb30-1de6-4aa0-a590-b3598aade6e0,9686383.1875,12766.2280471449,31,390,753,1174,421,0.07363420427553444,0.9263657957244655,0.641396933560477,0.026405451448040886,0.3321976149914821,1662.0703859257826,625.574169918093,937.4595314592113,42.417274727074556,24.199059960895756,0.0,0.0,0.3763824776708507,0.5640311862827886,0.02552074514187791,0.014559587948747876,0.0,0.0
104,RDCR,Reedy Creek,Old South,1,richmondvagis,1572900161564,richmondvagis,1572900161564,df6089c7-eb3e-46e0-83af-8e6403da5756,4954448.59765625,9575.73628784704,22,38,386,446,60,0.36666666666666664,0.6333333333333333,0.8654708520179372,0.04932735426008968,0.08520179372197309,1089.9287522440868,242.6332102482521,761.4204958169282,52.79824372830481,2.514311371468255,0.0,0.0,0.2226138265906715,0.6985965772984857,0.04844192211609881,0.0023068584678507327,0.0,0.0
105,RSDL,Rosedale,North,1,richmondvagis,1572900161564,richmondvagis,1572900161564,218f148f-2a8d-4845-a258-2d135369b7b1,8455310.5,13024.9047488152,12,35,462,509,47,0.2553191489361702,0.7446808510638298,0.9076620825147348,0.023575638506876228,0.068762278978389,672.4270917551897,481.0197288487985,166.28981340434612,14.572410965952713,0.2077632320678653,0.0,0.0,0.7153485258799227,0.24729790849189517,0.02167136206233952,0.00030897510617181615,0.0,0.0
106,SRGD,Sauer's Gardens,Far West,1,richmondvagis,1572900161564,richmondvagis,1572900161564,af3d35d2-fcdd-4d23-9596-9a7314395ab3,9774805.6015625,14758.0992759259,15,104,430,549,119,0.12605042016806722,0.8739495798319328,0.7832422586520947,0.0273224043715847,0.1894353369763206,1684.8883227898557,1480.3619066525923,129.66072430976183,10.647073462936095,34.22191924265045,5.280284366496202e-05,0.0,0.8786112922911078,0.07695508512698827,0.0063191567766975555,0.02031109052140942,3.133907627630211e-08,0.0
107,SCOT,Scott's Addition,Near West,2,richmondvagis,1572900161564,richmondvagis,1572900161564,e3b840f8-20bc-4f3d-8b8d-3cf8919f0559,11059594.9140625,14100.6078126424,35,110,489,634,145,0.2413793103448276,0.7586206896551724,0.7712933753943217,0.055205047318611984,0.17350157728706625,848.7119218995979,655.6348742549197,117.70650301124115,18.12727167745583,39.06365085506454,0.00022288119320254,0.0,0.7725057906426829,0.1386884053045808,0.021358568449095353,0.046026984948711186,2.626111256970262e-07,0.0
108,SHWP,Sherwood Park,North,1,richmondvagis,1572900161564,richmondvagis,1572900161564,45b006b4-b2da-4602-82e3-9c406ece035e,7406694.390625,11252.0245563413,1,44,276,321,45,0.022222222222222223,0.9777777777777777,0.8598130841121495,0.003115264797507788,0.13707165109034267,976.7911586573326,585.7031396374697,303.7732468767341,17.04782862944,12.873344474971496,0.727730838876863,0.0,0.5996196161752317,0.3109909873614044,0.017452889984050868,0.013179218874858371,0.0007450219347574558,0.0
109,SHKB,Shockoe Bottom,East,2,richmondvagis,1572900161564,richmondvagis,1572900161564,b5e94136-d6e2-47d2-9217-92adacf94dc4,14761578.6523438,21800.0755168857,2,187,343,532,189,0.010582010582010581,0.9894179894179894,0.6447368421052632,0.0037593984962406013,0.35150375939849626,3776.1305492821284,1706.9842557196155,1471.9415968397677,276.9064633527977,119.17615187743986,0.2293826079615989,0.0,0.45204587962249515,0.3898015647577638,0.07333074419406388,0.031560389748732647,6.074541252425881e-05,0.0
110,SHKS,Shockoe Slip,Downtown,2,richmondvagis,1572900161564,richmondvagis,1572900161564,be027f08-01a6-4a8d-afcd-ad0b285b6ee5,2121632.17578125,5956.22716825479,0,59,99,158,59,0.0,1.0,0.6265822784810127,0.0,0.37341772151898733,210.52777028951826,137.64949933779602,35.26510415477748,8.666795007916095,15.853300862840538,0.0,0.0,0.6538306046204742,0.16750808744271994,0.04116699186999178,0.0753026588418195,0.0,0.0
111,SGD,South Garden,Broad Rock,1,richmondvagis,1572900161564,richmondvagis,1572900161564,f0fc9d1e-4074-414f-81fc-0cc1f88e8fd1,15669948.7695313,23597.6256580016,0,93,808,901,93,0.0,1.0,0.8967813540510544,0.0,0.10321864594894561,2307.3163609549792,417.3458204835223,1429.306510299536,356.7001053048574,0.1976080000508218,23.517195761440398,0.0,0.18087932263904474,0.6194670720004594,0.1545952307802395,8.564408565500462e-05,0.010192445283795771,0.0
112,SHPN,Southampton,Huguenot,1,richmondvagis,1572900161564,richmondvagis,1572900161564,41642037-46d1-43ea-ba43-dcb9c235134b,16225521.6914063,17362.1588500192,0,82,334,416,82,0.0,1.0,0.8028846153846154,0.0,0.1971153846153846,785.3288613822202,684.6210626332419,73.47830809259425,3.266928374770287,17.706535776667387,0.0,0.0064751930514754235,0.871763532831676,0.09356374342752226,0.004159949462471455,0.022546651024009164,0.0,8.245199393383738e-06
113,SBHG,Southern Barton Heights,North,1,richmondvagis,1572900161564,richmondvagis,1572900161564,fadd4a1f-1779-45be-bce2-54c1d2171326,6414159.32421875,12507.0103142812,12,97,311,420,109,0.11009174311926606,0.8899082568807339,0.7404761904761905,0.02857142857142857,0.23095238095238096,1234.86776220188,178.46221400367764,966.1993934031996,18.807289246208597,22.648231551479785,0.7763969871923507,0.0,0.1445192914304148,0.7824314659250472,0.015230205064770267,0.018340612853230503,0.0006287288493206473,0.0
114,SWD,Southwood,Broad Rock,1,richmondvagis,1572900161564,richmondvagis,1572900161564,31660e42-6271-4071-8463-1a9252234b38,5527929.00390625,10968.1279303709,0,40,349,389,40,0.0,1.0,0.897172236503856,0.0,0.10282776349614396,878.7409849178594,43.161554264677704,374.99066377544875,427.34304338397186,10.837335462608701,2.943245132074439,0.0,0.049117493101465216,0.4267362854487789,0.4863128620590263,0.012332798456671195,0.0033493887079246226,0.0
115,STAD,Stadium,Near West,1,richmondvagis,1572900161564,richmondvagis,1572900161564,6499b62d-ac12-4c4d-a7c6-34041b52c302,5018313.546875,11638.1018211,27,15,205,247,42,0.6428571428571429,0.35714285714285715,0.8299595141700404,0.10931174089068826,0.06072874493927125,186.02837022561533,117.750287754955,57.011291492996136,0.023886048393835922,9.236482280510453,0.0,0.0,0.6329695175641616,0.3064655752445329,0.00012840003040862481,0.049650933722143784,0.0,0.0
116,STCT,Stonewall Court,Far West,1,richmondvagis,1572900161564,richmondvagis,1572900161564,dea5c1e5-2d1a-405d-8966-a58ea03362f7,6527842.90234375,10547.5603290176,4,21,349,374,25,0.16,0.84,0.9331550802139037,0.0106951871657754,0.05614973262032086,837.2430355220846,768.4105583724336,37.12485601497973,5.450493647809075,9.287083198009745,0.0,0.0,0.9177867426430979,0.04434179137940462,0.006510049551394928,0.011092457988878394,0.0,0.0
117,STYP,Stony Point,Huguenot,2,richmondvagis,1572900161564,richmondvagis,1572900161564,3e6fff41-c84a-49b4-a5ce-8cf9b87e7b31,25185513.859375,28455.706323077,0,174,155,329,174,0.0,1.0,0.47112462006079026,0.0,0.5288753799392097,1219.300768134791,1065.6678769287237,111.33151684515755,5.031282971359665,27.66681229425801,0.0,0.0008307403121029543,0.8739991844333165,0.09130767383626391,0.004126367425369708,0.022690719974351316,0.0,6.813251773586333e-07
118,STFH,Stratford Hills,Huguenot,1,richmondvagis,1572900161564,richmondvagis,1572900161564,ced09384-1284-4564-8c5d-f6c4b27c0775,59834624.0546875,34339.7907601538,0,295,1325,1620,295,0.0,1.0,0.8179012345679012,0.0,0.18209876543209877,3102.2652896270993,2194.611470963164,676.7698156161921,34.103066035110835,170.52260590365398,0.0,0.003510160516580358,0.7074222434493866,0.21815343061699977,0.010992956066375006,0.054967125627141726,0.0,1.1314830257480297e-06
119,SWNO,Swansboro,Old South,1,richmondvagis,1572900161564,richmondvagis,1572900161564,024ca724-125e-4b79-abc5-a28c333787d2,16167769.171875,18199.056052104,14,264,945,1223,278,0.050359712230215826,0.9496402877697842,0.7726901062959934,0.011447260834014717,0.21586263286999183,2928.988118490588,809.070971241173,1848.2496012474255,107.53935235163345,20.968297729189523,1.0151689006288386e-05,0.0,0.276228833477862,0.631019835683012,0.036715530415689195,0.0071588879438661684,3.465937243719484e-09,0.0
120,SWNW,Swansboro West,Old South,1,richmondvagis,1572900161564,richmondvagis,1572900161564,d1e6c48f-4e63-4dde-b2a9-07f766412c6d,8683267.97265625,14373.7940389713,17,60,678,755,77,0.22077922077922077,0.7792207792207793,0.8980132450331125,0.022516556291390728,0.07947019867549669,1903.910552710117,422.48194931551996,1329.6781919062664,93.69746948830606,4.5271548454042065,0.0,0.0,0.22190220476174105,0.6983932044567636,0.04921316779033165,0.00237781908344383,0.0,0.0
121,SWNS,Swanson,Midlothian,1,richmondvagis,1572900161564,richmondvagis,1572900161564,562b2942-5c01-4574-94d0-6929b25fa9a8,10448024.7539063,15745.3352146686,0,120,171,291,120,0.0,1.0,0.5876288659793815,0.0,0.41237113402061853,1507.733610488171,165.09842862466553,959.5384847083152,332.2973574219348,8.477096660583937,0.06658482768058323,0.0,0.1095010600521204,0.6364111524963867,0.22039527082927085,0.005622410087309283,4.4162196304043735e-05,0.0
122,DIAM,The Diamond,Near West,2,richmondvagis,1572900161564,richmondvagis,1572900161564,e62979d7-184d-41f0-be08-0784f1ea5cb6,20043447.5625,23919.7346904664,0,188,315,503,188,0.0,1.0,0.6262425447316103,0.0,0.37375745526838966,1217.3431735334518,858.3135791868436,232.91997469771928,37.072284099629115,60.383364307511904,0.11111140524800758,0.0,0.7050711729014824,0.19133468668629192,0.03045343737544719,0.04960258177013765,9.127369148133997e-05,0.0
123,FAN,The Fan,Near West,1,richmondvagis,1572900161564,richmondvagis,1572900161564,547ae7a6-c8ea-4557-bb5c-98fb9219fdc2,26611614.2421875,21964.8180211534,529,470,4159,5158,999,0.5295295295295295,0.47047047047047047,0.806320279177976,0.10255913144629701,0.09112058937572702,13400.400577598972,10838.116279830885,1158.4951391818436,761.8541440171264,337.41818729489023,0.0,0.006847508794059571,0.8087904698870437,0.08645227674152245,0.0568530873092476,0.0251797090199633,0.0,5.109928434159152e-07
124,MUSD,The Museum District,Near West,1,richmondvagis,1572900161564,richmondvagis,1572900161564,5c286b14-a522-4454-b8ab-41730564a876,17665793.96875,17178.727928051,296,242,2277,2815,538,0.550185873605948,0.44981412639405205,0.8088809946714032,0.10515097690941386,0.08596802841918295,6833.865375297832,5749.1924651146655,382.5619973222354,232.83198723112838,212.13139837271999,0.6344895438224517,0.0,0.841279736925474,0.05598032391815484,0.03407032103277,0.031041202412254856,9.284489947898623e-05,0.0
125,TCHP,Three Chopt,Far West,1,richmondvagis,1572900161564,richmondvagis,1572900161564,79e3cc58-794b-43e3-b434-572015e16ccc,27068467.015625,31815.1791946078,4,201,1284,1489,205,0.01951219512195122,0.9804878048780488,0.8623237071860309,0.002686366689053056,0.13498992612491606,2989.2744006895077,2265.3411614516554,256.9476196171194,157.46876083091706,238.96747782124626,16.332483265819413,0.0,0.757823089419001,0.08595651826337915,0.05267792103481542,0.07994163324923463,0.005463694889319011,0.0
126,UNHL,Union Hill,East,1,richmondvagis,1572900161564,richmondvagis,1572900161564,1a611677-2a5d-48ef-82c6-41385947eca8,5028819.5703125,9835.33759888126,29,152,502,683,181,0.16022099447513813,0.8397790055248618,0.7349926793557833,0.0424597364568082,0.2225475841874085,1981.104290268736,993.6802015931435,675.9139557931404,82.37463427894096,131.01734620693645,0.0008946941861782601,0.0,0.5015789458809113,0.3411804008063871,0.04158016046079375,0.06613349274467727,4.516138754395889e-07,0.0
127,UR,University of Richmond,Far West,2,richmondvagis,1572900161564,richmondvagis,1572900161564,7426d03d-86aa-49ae-aaab-9b929c991076,11181614.5585938,17329.4885014929,0,2,160,162,2,0.0,1.0,0.9876543209876543,0.0,0.012345679012345678,1232.2060113398068,933.4789317966415,106.02466551789954,65.00876161238074,98.63720758071092,6.716389661461307,0.001559802866867224,0.7575672600246836,0.08604459363302117,0.05275802991879189,0.0800492828901722,0.005450703534677953,1.2658620819186017e-06
128,USHV,Upper Shockoe Valley,East,2,richmondvagis,1572900161564,richmondvagis,1572900161564,2788d205-ce1b-41e2-be83-4330e56bc43a,9332771.91796875,17394.0644528681,0,41,72,113,41,0.0,1.0,0.6371681415929203,0.0,0.36283185840707965,2373.024681286685,486.6892932571382,1675.2554434291067,108.08826417913419,17.16524928960458,4.598206721923036,0.0,0.2050923857198354,0.7059578674591624,0.045548731554080304,0.0072334895734406605,0.0019376986502432113,0.0
129,VCU,VCU,Near West,2,richmondvagis,1572900161564,richmondvagis,1572900161564,ae2e0bb9-e235-4eb4-a4df-65a290385eab,5640347.859375,10023.2192258075,10,126,243,379,136,0.07352941176470588,0.9264705882352942,0.6411609498680739,0.026385224274406333,0.3324538258575198,3033.8174760852667,1600.523956615465,665.9889839676298,179.7727447930362,380.23948076155096,0.0,7.873909147430646,0.5275610577208244,0.2195217705802786,0.05925628229454619,0.1253336707823962,0.0,0.0025953799823155038
130,VUU,Virginia Union,North,1,richmondvagis,1572900161564,richmondvagis,1572900161564,422964c7-c850-422a-8edc-29ca00ef99b1,11308752.6484375,15900.2945470294,11,61,498,570,72,0.1527777777777778,0.8472222222222222,0.8736842105263158,0.01929824561403509,0.10701754385964912,1718.1017987322018,478.13333993517506,994.5229025183919,36.96440297016039,32.19023120822456,11.216398837436534,0.0,0.278291624098172,0.5788498116073545,0.02151467567139308,0.018735927773300708,0.006528366855627057,0.0
131,WLMS,Walmsley,Broad Rock,1,richmondvagis,1572900161564,richmondvagis,1572900161564,6319a6ce-4642-4034-87a4-62e66e6afa9d,13673218.125,18956.6941687378,0,139,333,472,139,0.0,1.0,0.7055084745762712,0.0,0.2944915254237288,1553.2045403345262,176.0331056342266,931.0325903911383,421.9316738749231,0.35081935843724593,0.010194509772652956,0.0,0.11333543075808478,0.599426904965533,0.2716523567359958,0.00022586810000033036,6.563533332485162e-06,0.0
132,WARW,Warwick,Midlothian,1,richmondvagis,1572900161564,richmondvagis,1572900161564,080dce34-6149-47e4-86b7-b7bc64fdb4a7,6000428.9765625,11337.0614832556,0,87,307,394,87,0.0,1.0,0.7791878172588832,0.0,0.22081218274111675,865.5194472061154,95.0170287059035,551.692599890792,189.66529206530552,4.83964458059823,0.023643113959437703,0.0,0.10978035099340301,0.637412136343843,0.21913463952490314,0.005591606978006715,2.7316675593780525e-05,0.0
133,WSHP,Washington Park,North,1,richmondvagis,1572900161564,richmondvagis,1572900161564,d18d1a8e-20c9-4702-babc-d72ad6d515b2,4917909.98046875,9503.18223968798,0,59,362,421,59,0.0,1.0,0.8598574821852731,0.0,0.14014251781472684,685.479682879314,81.4043648020974,595.1206993245868,5.996255564717246,0.0037444019899664635,2.911936265878778,0.0,0.11875532832740354,0.8681813833268113,0.008747532150814965,5.4624551004025964e-06,0.004248027094905824,0.0
134,WHMP,Westhampton,Far West,1,richmondvagis,1572900161564,richmondvagis,1572900161564,3cdd090e-7b9f-424b-b066-d5792c5c3ffb,10306032.3085938,13738.2454995262,3,53,763,819,56,0.05357142857142857,0.9464285714285714,0.9316239316239316,0.003663003663003663,0.06471306471306472,1321.441160145577,1212.6658283733118,58.66374430486908,8.615768253294632,14.712322574582405,0.003568052306291552,0.0,0.9176843169011915,0.04439376195789631,0.006519978727123555,0.011133543451122423,2.7001219682747557e-06,0.0
135,WLHL,Westlake Hills,Midlothian,1,richmondvagis,1572900161564,richmondvagis,1572900161564,9966fa91-d73b-4d77-8360-629601120321,11935728.5390625,16577.0776605276,0,78,350,428,78,0.0,1.0,0.8177570093457944,0.0,0.1822429906542056,1430.9214555482151,648.3762921794805,603.1492506958459,29.732733756134436,42.22579954670217,0.0,0.0,0.45311801683138114,0.4215110817978246,0.020778732222407847,0.029509515971667784,0.0,0.0
136,WOVR,Westover,Midlothian,1,richmondvagis,1572900161564,richmondvagis,1572900161564,e18e0faa-896e-4f3b-a8f2-0484b4ee6aa1,17260843.9375,18582.7299612825,0,85,869,954,85,0.0,1.0,0.910901467505241,0.0,0.08909853249475891,2918.669285009738,679.8728171024471,1730.7059116535925,279.4136595417358,83.96963272154646,14.107372832971583,0.0,0.232939312649867,0.592977738362645,0.09573323739582354,0.028769834647869776,0.004833494807180429,0.0
137,WSTH,Westover Hills,Old South,1,richmondvagis,1572900161564,richmondvagis,1572900161564,49e9de55-125f-4bc9-a6aa-c3af99b1c3be,11026442.2773438,15647.1949277305,4,77,474,555,81,0.04938271604938271,0.9506172839506173,0.8540540540540541,0.007207207207207207,0.13873873873873874,1321.61577278174,1209.3369674632281,54.96033924124066,28.912918265175556,5.263716140821249,0.0,0.0,0.9150442907607049,0.041585716796917464,0.021876947037579295,0.003982788529938749,0.0,0.0
138,WHW,Westover Hills West,Midlothian,1,richmondvagis,1572900161564,richmondvagis,1572900161564,a682b4c0-6452-4a67-b267-37cf169e4a69,9302491.96875,14909.0525805726,0,56,199,255,56,0.0,1.0,0.7803921568627451,0.0,0.2196078431372549,1073.5087898557765,499.8269055039987,440.90411499526175,22.14533076969065,31.750829430423476,0.0,0.0,0.4656011298902819,0.4107130925816604,0.02062892356257821,0.0295766832376744,0.0,0.0
139,WHCB,Whitcomb,East,1,richmondvagis,1572900161564,richmondvagis,1572900161564,57737361-2795-4eea-b9dd-455441b971f5,12569154.3867188,14046.4136361027,1,35,601,637,36,0.027777777777777776,0.9722222222222222,0.9434850863422292,0.0015698587127158557,0.054945054945054944,2329.7991143413374,102.38075810990884,2089.562220016184,52.03461856539682,19.12819640898334,2.279819425000305,0.0,0.04394402825535159,0.8968851465148439,0.022334379923613132,0.008210234217721863,0.0009785476399946343,0.0
140,WLLN,Willow lawn,Far West,1,richmondvagis,1572900161564,richmondvagis,1572900161564,d0116e1c-d9c1-44d5-9be1-f8d7d078d59f,6291978.72265625,12029.6519016177,2,49,484,535,51,0.0392156862745098,0.9607843137254902,0.9046728971962616,0.003738317757009346,0.09158878504672897,957.5769236091637,886.4577185274727,13.943389498272872,20.908107763205237,14.80603351256306,5.071362836675634e-05,0.0,0.925730034498285,0.014561116871654987,0.021834389747406768,0.015461978194668945,5.29603701973244e-08,0.0
141,WLOK,Willow Oaks,Huguenot,1,richmondvagis,1572900161564,richmondvagis,1572900161564,59a3d474-d8a4-4892-bf3b-d6477057e11e,19591745.3476563,18793.7104222017,0,44,193,237,44,0.0,1.0,0.8143459915611815,0.0,0.18565400843881857,920.317430617055,684.214736418204,153.58797247674786,11.43922582650917,64.97831636313815,0.0,0.0,0.7434551532501685,0.166885867166256,0.01242965247201652,0.07060424392871864,0.0,0.0
142,WLTN,Wilton,Far West,1,richmondvagis,1572900161564,richmondvagis,1572900161564,144ea104-0dc7-4c4c-ad18-683d2da72bf4,32081472.9726563,22346.7686704076,1,67,373,441,68,0.014705882352941176,0.9852941176470589,0.8458049886621315,0.0022675736961451248,0.15192743764172337,1356.3505628519677,1218.564758503279,38.25134947781287,18.559251201163278,55.80367438558749,0.0010874397981879443,0.0001829281723852359,0.8984143125513441,0.028201668894052453,0.013683225936913507,0.041142515743312236,8.017394823808745e-07,1.3486791497369012e-07
143,WDR,Windsor,Broad Rock,1,richmondvagis,1572900161564,richmondvagis,1572900161564,9dc55b07-d645-488b-831e-1edd90523a8b,5210480.8359375,12338.6285817064,0,1,70,71,1,0.0,1.0,0.9859154929577465,0.0,0.014084507042253521,213.99762564332244,11.24386182206315,140.43463110534773,51.937784345708664,3.227456948207031,0.03156684541364782,0.0,0.05254199334343878,0.6562438750578252,0.24270261966492676,0.01508174185813795,0.0001475102600729852,0.0
144,WDRF,Windsor Farms,Far West,1,richmondvagis,1572900161564,richmondvagis,1572900161564,b076842e-4371-454b-b68f-c1d955e885a6,32676804.2695313,22836.0951310114,2,48,569,619,50,0.04,0.96,0.9192245557350566,0.0032310177705977385,0.07754442649434572,1381.2004272244774,1239.8667288612205,39.86325418634369,18.886084170381615,57.04158441425162,0.0,0.0,0.897673287976556,0.028861310350481797,0.013673673855092274,0.04129855688567712,0.0,0.0
145,WDHV,Woodhaven,Midlothian,1,richmondvagis,1572900161564,richmondvagis,1572900161564,55165a72-cb5a-4227-9ec8-d8cb9795b94f,12627324.453125,14871.3336202132,0,28,532,560,28,0.0,1.0,0.95,0.0,0.05,2014.3777111788618,96.59767619594211,853.6155260370263,988.5316734872433,24.864642523900773,6.717424843722776,0.0,0.0479541029767505,0.4237614034844886,0.4907379921855525,0.012343585011844373,0.0033347394614446856,0.0
146,WDLH,Woodland Heights,Old South,1,richmondvagis,1572900161564,richmondvagis,1572900161564,c9e61ee5-c0fb-4fe1-825d-6425cf683e0d,15225344.515625,24152.316413448,43,100,709,852,143,0.3006993006993007,0.6993006993006993,0.8321596244131455,0.05046948356807512,0.11737089201877934,1811.5328137025679,945.1207743712903,651.6669316432342,53.541974752203565,64.03732112184038,0.0,0.0,0.5217243470404328,0.3597323364578204,0.02955617162836252,0.03534979915210884,0.0,0.0
147,WDVL,Woodville,East,1,richmondvagis,1572900161564,richmondvagis,1572900161564,1c80d060-f713-454f-ab63-662a50f1faec,3244923.8359375,10934.8255840455,4,32,170,206,36,0.1111111111111111,0.8888888888888888,0.8252427184466019,0.019417475728155338,0.1553398058252427,979.3476662816711,63.198580517545594,880.720207903555,13.106632667165986,6.284861778337138,0.0,0.0,0.06453130251230822,0.8992927008724297,0.013383023331161311,0.006417395981755006,0.0,0.0
148,WTHG,Worthington,Midlothian,1,richmondvagis,1572900161564,richmondvagis,1572900161564,168815f7-f298-46bb-9588-ded182ab612f,10941440.9921875,14684.1568189018,0,58,423,481,58,0.0,1.0,0.8794178794178794,0.0,0.12058212058212059,1577.2781334238457,173.76564861248676,1007.4893683256824,342.94994267984697,8.75273799494138,0.010373448302545982,0.0,0.11016804514704605,0.6387518770317918,0.21743149506257028,0.005549267316564863,6.5768034709439746e-06,0.0
